model_id	accessibility	europdx_access_modality	email	name	form_url	database_url
TM00037	Academia and Industry	Not Applicable	micetech@jax.org	micetech	http://tumor.informatics.jax.org/mtbwi/pdxRequest.do?mice=TM00037	http://tumor.informatics.jax.org/mtbwi/pdxDetails.do?modelID=TM00037
TM00279	Academia and Industry	Not Applicable	micetech@jax.org	micetech	http://tumor.informatics.jax.org/mtbwi/pdxRequest.do?mice=TM00279	http://tumor.informatics.jax.org/mtbwi/pdxDetails.do?modelID=TM00279
TM01127	Academia and Industry	Not Applicable	micetech@jax.org	micetech	http://tumor.informatics.jax.org/mtbwi/pdxRequest.do?mice=TM01127	http://tumor.informatics.jax.org/mtbwi/pdxDetails.do?modelID=TM01127
TM01007	Academia and Industry	Not Applicable	micetech@jax.org	micetech	http://tumor.informatics.jax.org/mtbwi/pdxRequest.do?mice=TM01007	http://tumor.informatics.jax.org/mtbwi/pdxDetails.do?modelID=TM01007
TM01002	Academia and Industry	Not Applicable	micetech@jax.org	micetech	http://tumor.informatics.jax.org/mtbwi/pdxRequest.do?mice=TM01002	http://tumor.informatics.jax.org/mtbwi/pdxDetails.do?modelID=TM01002
TM01244	Academia and Industry	Not Applicable	micetech@jax.org	micetech	http://tumor.informatics.jax.org/mtbwi/pdxRequest.do?mice=TM01244	http://tumor.informatics.jax.org/mtbwi/pdxDetails.do?modelID=TM01244
TM01245	Academia and Industry	Not Applicable	micetech@jax.org	micetech	http://tumor.informatics.jax.org/mtbwi/pdxRequest.do?mice=TM01245	http://tumor.informatics.jax.org/mtbwi/pdxDetails.do?modelID=TM01245
TM00039	Academia and Industry	Not Applicable	micetech@jax.org	micetech	http://tumor.informatics.jax.org/mtbwi/pdxRequest.do?mice=TM00039	http://tumor.informatics.jax.org/mtbwi/pdxDetails.do?modelID=TM00039
TM01125	Academia and Industry	Not Applicable	micetech@jax.org	micetech	http://tumor.informatics.jax.org/mtbwi/pdxRequest.do?mice=TM01125	http://tumor.informatics.jax.org/mtbwi/pdxDetails.do?modelID=TM01125
TM01120	Academia and Industry	Not Applicable	micetech@jax.org	micetech	http://tumor.informatics.jax.org/mtbwi/pdxRequest.do?mice=TM01120	http://tumor.informatics.jax.org/mtbwi/pdxDetails.do?modelID=TM01120
TM01121	Academia and Industry	Not Applicable	micetech@jax.org	micetech	http://tumor.informatics.jax.org/mtbwi/pdxRequest.do?mice=TM01121	http://tumor.informatics.jax.org/mtbwi/pdxDetails.do?modelID=TM01121
TM01243	Academia and Industry	Not Applicable	micetech@jax.org	micetech	http://tumor.informatics.jax.org/mtbwi/pdxRequest.do?mice=TM01243	http://tumor.informatics.jax.org/mtbwi/pdxDetails.do?modelID=TM01243
TM00274	Academia and Industry	Not Applicable	micetech@jax.org	micetech	http://tumor.informatics.jax.org/mtbwi/pdxRequest.do?mice=TM00274	http://tumor.informatics.jax.org/mtbwi/pdxDetails.do?modelID=TM00274
TM01360	Academia and Industry	Not Applicable	micetech@jax.org	micetech	http://tumor.informatics.jax.org/mtbwi/pdxRequest.do?mice=TM01360	http://tumor.informatics.jax.org/mtbwi/pdxDetails.do?modelID=TM01360
TM00026	Academia and Industry	Not Applicable	micetech@jax.org	micetech	http://tumor.informatics.jax.org/mtbwi/pdxRequest.do?mice=TM00026	http://tumor.informatics.jax.org/mtbwi/pdxDetails.do?modelID=TM00026
TM01237	Academia and Industry	Not Applicable	micetech@jax.org	micetech	http://tumor.informatics.jax.org/mtbwi/pdxRequest.do?mice=TM01237	http://tumor.informatics.jax.org/mtbwi/pdxDetails.do?modelID=TM01237
TM01479	Academia and Industry	Not Applicable	micetech@jax.org	micetech	http://tumor.informatics.jax.org/mtbwi/pdxRequest.do?mice=TM01479	http://tumor.informatics.jax.org/mtbwi/pdxDetails.do?modelID=TM01479
TM00025	Academia and Industry	Not Applicable	micetech@jax.org	micetech	http://tumor.informatics.jax.org/mtbwi/pdxRequest.do?mice=TM00025	http://tumor.informatics.jax.org/mtbwi/pdxDetails.do?modelID=TM00025
TM00388	Academia and Industry	Not Applicable	micetech@jax.org	micetech	http://tumor.informatics.jax.org/mtbwi/pdxRequest.do?mice=TM00388	http://tumor.informatics.jax.org/mtbwi/pdxDetails.do?modelID=TM00388
TM01117	Academia and Industry	Not Applicable	micetech@jax.org	micetech	http://tumor.informatics.jax.org/mtbwi/pdxRequest.do?mice=TM01117	http://tumor.informatics.jax.org/mtbwi/pdxDetails.do?modelID=TM01117
TM00024	Academia and Industry	Not Applicable	micetech@jax.org	micetech	http://tumor.informatics.jax.org/mtbwi/pdxRequest.do?mice=TM00024	http://tumor.informatics.jax.org/mtbwi/pdxDetails.do?modelID=TM00024
TM00387	Academia and Industry	Not Applicable	micetech@jax.org	micetech	http://tumor.informatics.jax.org/mtbwi/pdxRequest.do?mice=TM00387	http://tumor.informatics.jax.org/mtbwi/pdxDetails.do?modelID=TM00387
TM01239	Academia and Industry	Not Applicable	micetech@jax.org	micetech	http://tumor.informatics.jax.org/mtbwi/pdxRequest.do?mice=TM01239	http://tumor.informatics.jax.org/mtbwi/pdxDetails.do?modelID=TM01239
TM00023	Academia and Industry	Not Applicable	micetech@jax.org	micetech	http://tumor.informatics.jax.org/mtbwi/pdxRequest.do?mice=TM00023	http://tumor.informatics.jax.org/mtbwi/pdxDetails.do?modelID=TM00023
TM00386	Academia and Industry	Not Applicable	micetech@jax.org	micetech	http://tumor.informatics.jax.org/mtbwi/pdxRequest.do?mice=TM00386	http://tumor.informatics.jax.org/mtbwi/pdxDetails.do?modelID=TM00386
TM01119	Academia and Industry	Not Applicable	micetech@jax.org	micetech	http://tumor.informatics.jax.org/mtbwi/pdxRequest.do?mice=TM01119	http://tumor.informatics.jax.org/mtbwi/pdxDetails.do?modelID=TM01119
TM01354	Academia and Industry	Not Applicable	micetech@jax.org	micetech	http://tumor.informatics.jax.org/mtbwi/pdxRequest.do?mice=TM01354	http://tumor.informatics.jax.org/mtbwi/pdxDetails.do?modelID=TM01354
TM01234	Academia and Industry	Not Applicable	micetech@jax.org	micetech	http://tumor.informatics.jax.org/mtbwi/pdxRequest.do?mice=TM01234	http://tumor.informatics.jax.org/mtbwi/pdxDetails.do?modelID=TM01234
TM01355	Academia and Industry	Not Applicable	micetech@jax.org	micetech	http://tumor.informatics.jax.org/mtbwi/pdxRequest.do?mice=TM01355	http://tumor.informatics.jax.org/mtbwi/pdxDetails.do?modelID=TM01355
TM01357	Academia and Industry	Not Applicable	micetech@jax.org	micetech	http://tumor.informatics.jax.org/mtbwi/pdxRequest.do?mice=TM01357	http://tumor.informatics.jax.org/mtbwi/pdxDetails.do?modelID=TM01357
TM00381	Academia and Industry	Not Applicable	micetech@jax.org	micetech	http://tumor.informatics.jax.org/mtbwi/pdxRequest.do?mice=TM00381	http://tumor.informatics.jax.org/mtbwi/pdxDetails.do?modelID=TM00381
TM01231	Academia and Industry	Not Applicable	micetech@jax.org	micetech	http://tumor.informatics.jax.org/mtbwi/pdxRequest.do?mice=TM01231	http://tumor.informatics.jax.org/mtbwi/pdxDetails.do?modelID=TM01231
TM01594	Academia and Industry	Not Applicable	micetech@jax.org	micetech	http://tumor.informatics.jax.org/mtbwi/pdxRequest.do?mice=TM01594	http://tumor.informatics.jax.org/mtbwi/pdxDetails.do?modelID=TM01594
TM01353	Academia and Industry	Not Applicable	micetech@jax.org	micetech	http://tumor.informatics.jax.org/mtbwi/pdxRequest.do?mice=TM01353	http://tumor.informatics.jax.org/mtbwi/pdxDetails.do?modelID=TM01353
TM00022	Academia and Industry	Not Applicable	micetech@jax.org	micetech	http://tumor.informatics.jax.org/mtbwi/pdxRequest.do?mice=TM00022	http://tumor.informatics.jax.org/mtbwi/pdxDetails.do?modelID=TM00022
TM00385	Academia and Industry	Not Applicable	micetech@jax.org	micetech	http://tumor.informatics.jax.org/mtbwi/pdxRequest.do?mice=TM00385	http://tumor.informatics.jax.org/mtbwi/pdxDetails.do?modelID=TM00385
TM00263	Academia and Industry	Not Applicable	micetech@jax.org	micetech	http://tumor.informatics.jax.org/mtbwi/pdxRequest.do?mice=TM00263	http://tumor.informatics.jax.org/mtbwi/pdxDetails.do?modelID=TM00263
TM00020	Academia and Industry	Not Applicable	micetech@jax.org	micetech	http://tumor.informatics.jax.org/mtbwi/pdxRequest.do?mice=TM00020	http://tumor.informatics.jax.org/mtbwi/pdxDetails.do?modelID=TM00020
J000106568	Academia and Industry	Not Applicable	micetech@jax.org	micetech	http://tumor.informatics.jax.org/mtbwi/pdxRequest.do?mice=J000106568	http://tumor.informatics.jax.org/mtbwi/pdxDetails.do?modelID=J000106568
J000106569	Academia and Industry	Not Applicable	micetech@jax.org	micetech	http://tumor.informatics.jax.org/mtbwi/pdxRequest.do?mice=J000106569	http://tumor.informatics.jax.org/mtbwi/pdxDetails.do?modelID=J000106569
J000106566	Academia and Industry	Not Applicable	micetech@jax.org	micetech	http://tumor.informatics.jax.org/mtbwi/pdxRequest.do?mice=J000106566	http://tumor.informatics.jax.org/mtbwi/pdxDetails.do?modelID=J000106566
J000106567	Academia and Industry	Not Applicable	micetech@jax.org	micetech	http://tumor.informatics.jax.org/mtbwi/pdxRequest.do?mice=J000106567	http://tumor.informatics.jax.org/mtbwi/pdxDetails.do?modelID=J000106567
J000106564	Academia and Industry	Not Applicable	micetech@jax.org	micetech	http://tumor.informatics.jax.org/mtbwi/pdxRequest.do?mice=J000106564	http://tumor.informatics.jax.org/mtbwi/pdxDetails.do?modelID=J000106564
J000106565	Academia and Industry	Not Applicable	micetech@jax.org	micetech	http://tumor.informatics.jax.org/mtbwi/pdxRequest.do?mice=J000106565	http://tumor.informatics.jax.org/mtbwi/pdxDetails.do?modelID=J000106565
J000106562	Academia and Industry	Not Applicable	micetech@jax.org	micetech	http://tumor.informatics.jax.org/mtbwi/pdxRequest.do?mice=J000106562	http://tumor.informatics.jax.org/mtbwi/pdxDetails.do?modelID=J000106562
J000106563	Academia and Industry	Not Applicable	micetech@jax.org	micetech	http://tumor.informatics.jax.org/mtbwi/pdxRequest.do?mice=J000106563	http://tumor.informatics.jax.org/mtbwi/pdxDetails.do?modelID=J000106563
TM01149	Academia and Industry	Not Applicable	micetech@jax.org	micetech	http://tumor.informatics.jax.org/mtbwi/pdxRequest.do?mice=TM01149	http://tumor.informatics.jax.org/mtbwi/pdxDetails.do?modelID=TM01149
J000106571	Academia and Industry	Not Applicable	micetech@jax.org	micetech	http://tumor.informatics.jax.org/mtbwi/pdxRequest.do?mice=J000106571	http://tumor.informatics.jax.org/mtbwi/pdxDetails.do?modelID=J000106571
TM00058	Academia and Industry	Not Applicable	micetech@jax.org	micetech	http://tumor.informatics.jax.org/mtbwi/pdxRequest.do?mice=TM00058	http://tumor.informatics.jax.org/mtbwi/pdxDetails.do?modelID=TM00058
TM01029	Academia and Industry	Not Applicable	micetech@jax.org	micetech	http://tumor.informatics.jax.org/mtbwi/pdxRequest.do?mice=TM01029	http://tumor.informatics.jax.org/mtbwi/pdxDetails.do?modelID=TM01029
J000106572	Academia and Industry	Not Applicable	micetech@jax.org	micetech	http://tumor.informatics.jax.org/mtbwi/pdxRequest.do?mice=J000106572	http://tumor.informatics.jax.org/mtbwi/pdxDetails.do?modelID=J000106572
TM00057	Academia and Industry	Not Applicable	micetech@jax.org	micetech	http://tumor.informatics.jax.org/mtbwi/pdxRequest.do?mice=TM00057	http://tumor.informatics.jax.org/mtbwi/pdxDetails.do?modelID=TM00057
TM00298	Academia and Industry	Not Applicable	micetech@jax.org	micetech	http://tumor.informatics.jax.org/mtbwi/pdxRequest.do?mice=TM00298	http://tumor.informatics.jax.org/mtbwi/pdxDetails.do?modelID=TM00298
J000106570	Academia and Industry	Not Applicable	micetech@jax.org	micetech	http://tumor.informatics.jax.org/mtbwi/pdxRequest.do?mice=J000106570	http://tumor.informatics.jax.org/mtbwi/pdxDetails.do?modelID=J000106570
J000094290	Academia and Industry	Not Applicable	micetech@jax.org	micetech	http://tumor.informatics.jax.org/mtbwi/pdxRequest.do?mice=J000094290	http://tumor.informatics.jax.org/mtbwi/pdxDetails.do?modelID=J000094290
TM01145	Academia and Industry	Not Applicable	micetech@jax.org	micetech	http://tumor.informatics.jax.org/mtbwi/pdxRequest.do?mice=TM01145	http://tumor.informatics.jax.org/mtbwi/pdxDetails.do?modelID=TM01145
TM01267	Academia and Industry	Not Applicable	micetech@jax.org	micetech	http://tumor.informatics.jax.org/mtbwi/pdxRequest.do?mice=TM01267	http://tumor.informatics.jax.org/mtbwi/pdxDetails.do?modelID=TM01267
TM01148	Academia and Industry	Not Applicable	micetech@jax.org	micetech	http://tumor.informatics.jax.org/mtbwi/pdxRequest.do?mice=TM01148	http://tumor.informatics.jax.org/mtbwi/pdxDetails.do?modelID=TM01148
TM00051	Academia and Industry	Not Applicable	micetech@jax.org	micetech	http://tumor.informatics.jax.org/mtbwi/pdxRequest.do?mice=TM00051	http://tumor.informatics.jax.org/mtbwi/pdxDetails.do?modelID=TM00051
TM01141	Academia and Industry	Not Applicable	micetech@jax.org	micetech	http://tumor.informatics.jax.org/mtbwi/pdxRequest.do?mice=TM01141	http://tumor.informatics.jax.org/mtbwi/pdxDetails.do?modelID=TM01141
TM00292	Academia and Industry	Not Applicable	micetech@jax.org	micetech	http://tumor.informatics.jax.org/mtbwi/pdxRequest.do?mice=TM00292	http://tumor.informatics.jax.org/mtbwi/pdxDetails.do?modelID=TM00292
TM01263	Academia and Industry	Not Applicable	micetech@jax.org	micetech	http://tumor.informatics.jax.org/mtbwi/pdxRequest.do?mice=TM01263	http://tumor.informatics.jax.org/mtbwi/pdxDetails.do?modelID=TM01263
TM00170	Academia and Industry	Not Applicable	micetech@jax.org	micetech	http://tumor.informatics.jax.org/mtbwi/pdxRequest.do?mice=TM00170	http://tumor.informatics.jax.org/mtbwi/pdxDetails.do?modelID=TM00170
TM01264	Academia and Industry	Not Applicable	micetech@jax.org	micetech	http://tumor.informatics.jax.org/mtbwi/pdxRequest.do?mice=TM01264	http://tumor.informatics.jax.org/mtbwi/pdxDetails.do?modelID=TM01264
TM01386	Academia and Industry	Not Applicable	micetech@jax.org	micetech	http://tumor.informatics.jax.org/mtbwi/pdxRequest.do?mice=TM01386	http://tumor.informatics.jax.org/mtbwi/pdxDetails.do?modelID=TM01386
TM01144	Academia and Industry	Not Applicable	micetech@jax.org	micetech	http://tumor.informatics.jax.org/mtbwi/pdxRequest.do?mice=TM01144	http://tumor.informatics.jax.org/mtbwi/pdxDetails.do?modelID=TM01144
TM00176	Academia and Industry	Not Applicable	micetech@jax.org	micetech	http://tumor.informatics.jax.org/mtbwi/pdxRequest.do?mice=TM00176	http://tumor.informatics.jax.org/mtbwi/pdxDetails.do?modelID=TM00176
TM00053	Academia and Industry	Not Applicable	micetech@jax.org	micetech	http://tumor.informatics.jax.org/mtbwi/pdxRequest.do?mice=TM00053	http://tumor.informatics.jax.org/mtbwi/pdxDetails.do?modelID=TM00053
J000117591	Academia and Industry	Not Applicable	micetech@jax.org	micetech	http://tumor.informatics.jax.org/mtbwi/pdxRequest.do?mice=J000117591	http://tumor.informatics.jax.org/mtbwi/pdxDetails.do?modelID=J000117591
J000117590	Academia and Industry	Not Applicable	micetech@jax.org	micetech	http://tumor.informatics.jax.org/mtbwi/pdxRequest.do?mice=J000117590	http://tumor.informatics.jax.org/mtbwi/pdxDetails.do?modelID=J000117590
J000105006	Academia and Industry	Not Applicable	micetech@jax.org	micetech	http://tumor.informatics.jax.org/mtbwi/pdxRequest.do?mice=J000105006	http://tumor.informatics.jax.org/mtbwi/pdxDetails.do?modelID=J000105006
J000106573	Academia and Industry	Not Applicable	micetech@jax.org	micetech	http://tumor.informatics.jax.org/mtbwi/pdxRequest.do?mice=J000106573	http://tumor.informatics.jax.org/mtbwi/pdxDetails.do?modelID=J000106573
J000106574	Academia and Industry	Not Applicable	micetech@jax.org	micetech	http://tumor.informatics.jax.org/mtbwi/pdxRequest.do?mice=J000106574	http://tumor.informatics.jax.org/mtbwi/pdxDetails.do?modelID=J000106574
TM00047	Academia and Industry	Not Applicable	micetech@jax.org	micetech	http://tumor.informatics.jax.org/mtbwi/pdxRequest.do?mice=TM00047	http://tumor.informatics.jax.org/mtbwi/pdxDetails.do?modelID=TM00047
J000099873	Academia and Industry	Not Applicable	micetech@jax.org	micetech	http://tumor.informatics.jax.org/mtbwi/pdxRequest.do?mice=J000099873	http://tumor.informatics.jax.org/mtbwi/pdxDetails.do?modelID=J000099873
TM01014	Academia and Industry	Not Applicable	micetech@jax.org	micetech	http://tumor.informatics.jax.org/mtbwi/pdxRequest.do?mice=TM01014	http://tumor.informatics.jax.org/mtbwi/pdxDetails.do?modelID=TM01014
TM01135	Academia and Industry	Not Applicable	micetech@jax.org	micetech	http://tumor.informatics.jax.org/mtbwi/pdxRequest.do?mice=TM01135	http://tumor.informatics.jax.org/mtbwi/pdxDetails.do?modelID=TM01135
TM01498	Academia and Industry	Not Applicable	micetech@jax.org	micetech	http://tumor.informatics.jax.org/mtbwi/pdxRequest.do?mice=TM01498	http://tumor.informatics.jax.org/mtbwi/pdxDetails.do?modelID=TM01498
J000099999	Academia and Industry	Not Applicable	micetech@jax.org	micetech	http://tumor.informatics.jax.org/mtbwi/pdxRequest.do?mice=J000099999	http://tumor.informatics.jax.org/mtbwi/pdxDetails.do?modelID=J000099999
TM01137	Academia and Industry	Not Applicable	micetech@jax.org	micetech	http://tumor.informatics.jax.org/mtbwi/pdxRequest.do?mice=TM01137	http://tumor.informatics.jax.org/mtbwi/pdxDetails.do?modelID=TM01137
TM01258	Academia and Industry	Not Applicable	micetech@jax.org	micetech	http://tumor.informatics.jax.org/mtbwi/pdxRequest.do?mice=TM01258	http://tumor.informatics.jax.org/mtbwi/pdxDetails.do?modelID=TM01258
TM00282	Academia and Industry	Not Applicable	micetech@jax.org	micetech	http://tumor.informatics.jax.org/mtbwi/pdxRequest.do?mice=TM00282	http://tumor.informatics.jax.org/mtbwi/pdxDetails.do?modelID=TM00282
TM01130	Academia and Industry	Not Applicable	micetech@jax.org	micetech	http://tumor.informatics.jax.org/mtbwi/pdxRequest.do?mice=TM01130	http://tumor.informatics.jax.org/mtbwi/pdxDetails.do?modelID=TM01130
TM01373	Academia and Industry	Not Applicable	micetech@jax.org	micetech	http://tumor.informatics.jax.org/mtbwi/pdxRequest.do?mice=TM01373	http://tumor.informatics.jax.org/mtbwi/pdxDetails.do?modelID=TM01373
TM00165	Academia and Industry	Not Applicable	micetech@jax.org	micetech	http://tumor.informatics.jax.org/mtbwi/pdxRequest.do?mice=TM00165	http://tumor.informatics.jax.org/mtbwi/pdxDetails.do?modelID=TM00165
TM00164	Academia and Industry	Not Applicable	micetech@jax.org	micetech	http://tumor.informatics.jax.org/mtbwi/pdxRequest.do?mice=TM00164	http://tumor.informatics.jax.org/mtbwi/pdxDetails.do?modelID=TM00164
TM00229	Academia and Industry	Not Applicable	micetech@jax.org	micetech	http://tumor.informatics.jax.org/mtbwi/pdxRequest.do?mice=TM00229	http://tumor.informatics.jax.org/mtbwi/pdxDetails.do?modelID=TM00229
J000102184	Academia and Industry	Not Applicable	micetech@jax.org	micetech	http://tumor.informatics.jax.org/mtbwi/pdxRequest.do?mice=J000102184	http://tumor.informatics.jax.org/mtbwi/pdxDetails.do?modelID=J000102184
J000106542	Academia and Industry	Not Applicable	micetech@jax.org	micetech	http://tumor.informatics.jax.org/mtbwi/pdxRequest.do?mice=J000106542	http://tumor.informatics.jax.org/mtbwi/pdxDetails.do?modelID=J000106542
J000106543	Academia and Industry	Not Applicable	micetech@jax.org	micetech	http://tumor.informatics.jax.org/mtbwi/pdxRequest.do?mice=J000106543	http://tumor.informatics.jax.org/mtbwi/pdxDetails.do?modelID=J000106543
J000106541	Academia and Industry	Not Applicable	micetech@jax.org	micetech	http://tumor.informatics.jax.org/mtbwi/pdxRequest.do?mice=J000106541	http://tumor.informatics.jax.org/mtbwi/pdxDetails.do?modelID=J000106541
TM00356	Academia and Industry	Not Applicable	micetech@jax.org	micetech	http://tumor.informatics.jax.org/mtbwi/pdxRequest.do?mice=TM00356	http://tumor.informatics.jax.org/mtbwi/pdxDetails.do?modelID=TM00356
TM01325	Academia and Industry	Not Applicable	micetech@jax.org	micetech	http://tumor.informatics.jax.org/mtbwi/pdxRequest.do?mice=TM01325	http://tumor.informatics.jax.org/mtbwi/pdxDetails.do?modelID=TM01325
TM01446	Academia and Industry	Not Applicable	micetech@jax.org	micetech	http://tumor.informatics.jax.org/mtbwi/pdxRequest.do?mice=TM01446	http://tumor.informatics.jax.org/mtbwi/pdxDetails.do?modelID=TM01446
TM00113	Academia and Industry	Not Applicable	micetech@jax.org	micetech	http://tumor.informatics.jax.org/mtbwi/pdxRequest.do?mice=TM00113	http://tumor.informatics.jax.org/mtbwi/pdxDetails.do?modelID=TM00113
TM00355	Academia and Industry	Not Applicable	micetech@jax.org	micetech	http://tumor.informatics.jax.org/mtbwi/pdxRequest.do?mice=TM00355	http://tumor.informatics.jax.org/mtbwi/pdxDetails.do?modelID=TM00355
TM00112	Academia and Industry	Not Applicable	micetech@jax.org	micetech	http://tumor.informatics.jax.org/mtbwi/pdxRequest.do?mice=TM00112	http://tumor.informatics.jax.org/mtbwi/pdxDetails.do?modelID=TM00112
TM00233	Academia and Industry	Not Applicable	micetech@jax.org	micetech	http://tumor.informatics.jax.org/mtbwi/pdxRequest.do?mice=TM00233	http://tumor.informatics.jax.org/mtbwi/pdxDetails.do?modelID=TM00233
TM01448	Academia and Industry	Not Applicable	micetech@jax.org	micetech	http://tumor.informatics.jax.org/mtbwi/pdxRequest.do?mice=TM01448	http://tumor.informatics.jax.org/mtbwi/pdxDetails.do?modelID=TM01448
TM01569	Academia and Industry	Not Applicable	micetech@jax.org	micetech	http://tumor.informatics.jax.org/mtbwi/pdxRequest.do?mice=TM01569	http://tumor.informatics.jax.org/mtbwi/pdxDetails.do?modelID=TM01569
TM01442	Academia and Industry	Not Applicable	micetech@jax.org	micetech	http://tumor.informatics.jax.org/mtbwi/pdxRequest.do?mice=TM01442	http://tumor.informatics.jax.org/mtbwi/pdxDetails.do?modelID=TM01442
J000096652	Academia and Industry	Not Applicable	micetech@jax.org	micetech	http://tumor.informatics.jax.org/mtbwi/pdxRequest.do?mice=J000096652	http://tumor.informatics.jax.org/mtbwi/pdxDetails.do?modelID=J000096652
TM01563	Academia and Industry	Not Applicable	micetech@jax.org	micetech	http://tumor.informatics.jax.org/mtbwi/pdxRequest.do?mice=TM01563	http://tumor.informatics.jax.org/mtbwi/pdxDetails.do?modelID=TM01563
TM01443	Academia and Industry	Not Applicable	micetech@jax.org	micetech	http://tumor.informatics.jax.org/mtbwi/pdxRequest.do?mice=TM01443	http://tumor.informatics.jax.org/mtbwi/pdxDetails.do?modelID=TM01443
TM01565	Academia and Industry	Not Applicable	micetech@jax.org	micetech	http://tumor.informatics.jax.org/mtbwi/pdxRequest.do?mice=TM01565	http://tumor.informatics.jax.org/mtbwi/pdxDetails.do?modelID=TM01565
J000096896	Academia and Industry	Not Applicable	micetech@jax.org	micetech	http://tumor.informatics.jax.org/mtbwi/pdxRequest.do?mice=J000096896	http://tumor.informatics.jax.org/mtbwi/pdxDetails.do?modelID=J000096896
J000077973	Academia and Industry	Not Applicable	micetech@jax.org	micetech	http://tumor.informatics.jax.org/mtbwi/pdxRequest.do?mice=J000077973	http://tumor.informatics.jax.org/mtbwi/pdxDetails.do?modelID=J000077973
TM01441	Academia and Industry	Not Applicable	micetech@jax.org	micetech	http://tumor.informatics.jax.org/mtbwi/pdxRequest.do?mice=TM01441	http://tumor.informatics.jax.org/mtbwi/pdxDetails.do?modelID=TM01441
TM00231	Academia and Industry	Not Applicable	micetech@jax.org	micetech	http://tumor.informatics.jax.org/mtbwi/pdxRequest.do?mice=TM00231	http://tumor.informatics.jax.org/mtbwi/pdxDetails.do?modelID=TM00231
TM00352	Academia and Industry	Not Applicable	micetech@jax.org	micetech	http://tumor.informatics.jax.org/mtbwi/pdxRequest.do?mice=TM00352	http://tumor.informatics.jax.org/mtbwi/pdxDetails.do?modelID=TM00352
TM00351	Academia and Industry	Not Applicable	micetech@jax.org	micetech	http://tumor.informatics.jax.org/mtbwi/pdxRequest.do?mice=TM00351	http://tumor.informatics.jax.org/mtbwi/pdxDetails.do?modelID=TM00351
J000077608	Academia and Industry	Not Applicable	micetech@jax.org	micetech	http://tumor.informatics.jax.org/mtbwi/pdxRequest.do?mice=J000077608	http://tumor.informatics.jax.org/mtbwi/pdxDetails.do?modelID=J000077608
J000104256	Academia and Industry	Not Applicable	micetech@jax.org	micetech	http://tumor.informatics.jax.org/mtbwi/pdxRequest.do?mice=J000104256	http://tumor.informatics.jax.org/mtbwi/pdxDetails.do?modelID=J000104256
TM00219	Academia and Industry	Not Applicable	micetech@jax.org	micetech	http://tumor.informatics.jax.org/mtbwi/pdxRequest.do?mice=TM00219	http://tumor.informatics.jax.org/mtbwi/pdxDetails.do?modelID=TM00219
TM00339	Academia and Industry	Not Applicable	micetech@jax.org	micetech	http://tumor.informatics.jax.org/mtbwi/pdxRequest.do?mice=TM00339	http://tumor.informatics.jax.org/mtbwi/pdxDetails.do?modelID=TM00339
TM00103	Academia and Industry	Not Applicable	micetech@jax.org	micetech	http://tumor.informatics.jax.org/mtbwi/pdxRequest.do?mice=TM00103	http://tumor.informatics.jax.org/mtbwi/pdxDetails.do?modelID=TM00103
TM00345	Academia and Industry	Not Applicable	micetech@jax.org	micetech	http://tumor.informatics.jax.org/mtbwi/pdxRequest.do?mice=TM00345	http://tumor.informatics.jax.org/mtbwi/pdxDetails.do?modelID=TM00345
J000106560	Academia and Industry	Not Applicable	micetech@jax.org	micetech	http://tumor.informatics.jax.org/mtbwi/pdxRequest.do?mice=J000106560	http://tumor.informatics.jax.org/mtbwi/pdxDetails.do?modelID=J000106560
J000108981	Academia and Industry	Not Applicable	micetech@jax.org	micetech	http://tumor.informatics.jax.org/mtbwi/pdxRequest.do?mice=J000108981	http://tumor.informatics.jax.org/mtbwi/pdxDetails.do?modelID=J000108981
TM01557	Academia and Industry	Not Applicable	micetech@jax.org	micetech	http://tumor.informatics.jax.org/mtbwi/pdxRequest.do?mice=TM01557	http://tumor.informatics.jax.org/mtbwi/pdxDetails.do?modelID=TM01557
J000106561	Academia and Industry	Not Applicable	micetech@jax.org	micetech	http://tumor.informatics.jax.org/mtbwi/pdxRequest.do?mice=J000106561	http://tumor.informatics.jax.org/mtbwi/pdxDetails.do?modelID=J000106561
TM00222	Academia and Industry	Not Applicable	micetech@jax.org	micetech	http://tumor.informatics.jax.org/mtbwi/pdxRequest.do?mice=TM00222	http://tumor.informatics.jax.org/mtbwi/pdxDetails.do?modelID=TM00222
TM00107	Academia and Industry	Not Applicable	micetech@jax.org	micetech	http://tumor.informatics.jax.org/mtbwi/pdxRequest.do?mice=TM00107	http://tumor.informatics.jax.org/mtbwi/pdxDetails.do?modelID=TM00107
TM00228	Academia and Industry	Not Applicable	micetech@jax.org	micetech	http://tumor.informatics.jax.org/mtbwi/pdxRequest.do?mice=TM00228	http://tumor.informatics.jax.org/mtbwi/pdxDetails.do?modelID=TM00228
J000077960	Academia and Industry	Not Applicable	micetech@jax.org	micetech	http://tumor.informatics.jax.org/mtbwi/pdxRequest.do?mice=J000077960	http://tumor.informatics.jax.org/mtbwi/pdxDetails.do?modelID=J000077960
TM00226	Academia and Industry	Not Applicable	micetech@jax.org	micetech	http://tumor.informatics.jax.org/mtbwi/pdxRequest.do?mice=TM00226	http://tumor.informatics.jax.org/mtbwi/pdxDetails.do?modelID=TM00226
TM01555	Academia and Industry	Not Applicable	micetech@jax.org	micetech	http://tumor.informatics.jax.org/mtbwi/pdxRequest.do?mice=TM01555	http://tumor.informatics.jax.org/mtbwi/pdxDetails.do?modelID=TM01555
J000116474	Academia and Industry	Not Applicable	micetech@jax.org	micetech	http://tumor.informatics.jax.org/mtbwi/pdxRequest.do?mice=J000116474	http://tumor.informatics.jax.org/mtbwi/pdxDetails.do?modelID=J000116474
J000106528	Academia and Industry	Not Applicable	micetech@jax.org	micetech	http://tumor.informatics.jax.org/mtbwi/pdxRequest.do?mice=J000106528	http://tumor.informatics.jax.org/mtbwi/pdxDetails.do?modelID=J000106528
J000106529	Academia and Industry	Not Applicable	micetech@jax.org	micetech	http://tumor.informatics.jax.org/mtbwi/pdxRequest.do?mice=J000106529	http://tumor.informatics.jax.org/mtbwi/pdxDetails.do?modelID=J000106529
J000106526	Academia and Industry	Not Applicable	micetech@jax.org	micetech	http://tumor.informatics.jax.org/mtbwi/pdxRequest.do?mice=J000106526	http://tumor.informatics.jax.org/mtbwi/pdxDetails.do?modelID=J000106526
J000106527	Academia and Industry	Not Applicable	micetech@jax.org	micetech	http://tumor.informatics.jax.org/mtbwi/pdxRequest.do?mice=J000106527	http://tumor.informatics.jax.org/mtbwi/pdxDetails.do?modelID=J000106527
J000099706	Academia and Industry	Not Applicable	micetech@jax.org	micetech	http://tumor.informatics.jax.org/mtbwi/pdxRequest.do?mice=J000099706	http://tumor.informatics.jax.org/mtbwi/pdxDetails.do?modelID=J000099706
TM00015	Academia and Industry	Not Applicable	micetech@jax.org	micetech	http://tumor.informatics.jax.org/mtbwi/pdxRequest.do?mice=TM00015	http://tumor.informatics.jax.org/mtbwi/pdxDetails.do?modelID=TM00015
TM00136	Academia and Industry	Not Applicable	micetech@jax.org	micetech	http://tumor.informatics.jax.org/mtbwi/pdxRequest.do?mice=TM00136	http://tumor.informatics.jax.org/mtbwi/pdxDetails.do?modelID=TM00136
TM00135	Academia and Industry	Not Applicable	micetech@jax.org	micetech	http://tumor.informatics.jax.org/mtbwi/pdxRequest.do?mice=TM00135	http://tumor.informatics.jax.org/mtbwi/pdxDetails.do?modelID=TM00135
TM00256	Academia and Industry	Not Applicable	micetech@jax.org	micetech	http://tumor.informatics.jax.org/mtbwi/pdxRequest.do?mice=TM00256	http://tumor.informatics.jax.org/mtbwi/pdxDetails.do?modelID=TM00256
TM01348	Academia and Industry	Not Applicable	micetech@jax.org	micetech	http://tumor.informatics.jax.org/mtbwi/pdxRequest.do?mice=TM01348	http://tumor.informatics.jax.org/mtbwi/pdxDetails.do?modelID=TM01348
TM00013	Academia and Industry	Not Applicable	micetech@jax.org	micetech	http://tumor.informatics.jax.org/mtbwi/pdxRequest.do?mice=TM00013	http://tumor.informatics.jax.org/mtbwi/pdxDetails.do?modelID=TM00013
TM00134	Academia and Industry	Not Applicable	micetech@jax.org	micetech	http://tumor.informatics.jax.org/mtbwi/pdxRequest.do?mice=TM00134	http://tumor.informatics.jax.org/mtbwi/pdxDetails.do?modelID=TM00134
TM00376	Academia and Industry	Not Applicable	micetech@jax.org	micetech	http://tumor.informatics.jax.org/mtbwi/pdxRequest.do?mice=TM00376	http://tumor.informatics.jax.org/mtbwi/pdxDetails.do?modelID=TM00376
TM00375	Academia and Industry	Not Applicable	micetech@jax.org	micetech	http://tumor.informatics.jax.org/mtbwi/pdxRequest.do?mice=TM00375	http://tumor.informatics.jax.org/mtbwi/pdxDetails.do?modelID=TM00375
TM01464	Academia and Industry	Not Applicable	micetech@jax.org	micetech	http://tumor.informatics.jax.org/mtbwi/pdxRequest.do?mice=TM01464	http://tumor.informatics.jax.org/mtbwi/pdxDetails.do?modelID=TM01464
TM00139	Academia and Industry	Not Applicable	micetech@jax.org	micetech	http://tumor.informatics.jax.org/mtbwi/pdxRequest.do?mice=TM00139	http://tumor.informatics.jax.org/mtbwi/pdxDetails.do?modelID=TM00139
TM01344	Academia and Industry	Not Applicable	micetech@jax.org	micetech	http://tumor.informatics.jax.org/mtbwi/pdxRequest.do?mice=TM01344	http://tumor.informatics.jax.org/mtbwi/pdxDetails.do?modelID=TM01344
TM00259	Academia and Industry	Not Applicable	micetech@jax.org	micetech	http://tumor.informatics.jax.org/mtbwi/pdxRequest.do?mice=TM00259	http://tumor.informatics.jax.org/mtbwi/pdxDetails.do?modelID=TM00259
TM00016	Academia and Industry	Not Applicable	micetech@jax.org	micetech	http://tumor.informatics.jax.org/mtbwi/pdxRequest.do?mice=TM00016	http://tumor.informatics.jax.org/mtbwi/pdxDetails.do?modelID=TM00016
TM00137	Academia and Industry	Not Applicable	micetech@jax.org	micetech	http://tumor.informatics.jax.org/mtbwi/pdxRequest.do?mice=TM00137	http://tumor.informatics.jax.org/mtbwi/pdxDetails.do?modelID=TM00137
TM01225	Academia and Industry	Not Applicable	micetech@jax.org	micetech	http://tumor.informatics.jax.org/mtbwi/pdxRequest.do?mice=TM01225	http://tumor.informatics.jax.org/mtbwi/pdxDetails.do?modelID=TM01225
TM01346	Academia and Industry	Not Applicable	micetech@jax.org	micetech	http://tumor.informatics.jax.org/mtbwi/pdxRequest.do?mice=TM01346	http://tumor.informatics.jax.org/mtbwi/pdxDetails.do?modelID=TM01346
TM01340	Academia and Industry	Not Applicable	micetech@jax.org	micetech	http://tumor.informatics.jax.org/mtbwi/pdxRequest.do?mice=TM01340	http://tumor.informatics.jax.org/mtbwi/pdxDetails.do?modelID=TM01340
TM01462	Academia and Industry	Not Applicable	micetech@jax.org	micetech	http://tumor.informatics.jax.org/mtbwi/pdxRequest.do?mice=TM01462	http://tumor.informatics.jax.org/mtbwi/pdxDetails.do?modelID=TM01462
TM01220	Academia and Industry	Not Applicable	micetech@jax.org	micetech	http://tumor.informatics.jax.org/mtbwi/pdxRequest.do?mice=TM01220	http://tumor.informatics.jax.org/mtbwi/pdxDetails.do?modelID=TM01220
TM01341	Academia and Industry	Not Applicable	micetech@jax.org	micetech	http://tumor.informatics.jax.org/mtbwi/pdxRequest.do?mice=TM01341	http://tumor.informatics.jax.org/mtbwi/pdxDetails.do?modelID=TM01341
TM01100	Academia and Industry	Not Applicable	micetech@jax.org	micetech	http://tumor.informatics.jax.org/mtbwi/pdxRequest.do?mice=TM01100	http://tumor.informatics.jax.org/mtbwi/pdxDetails.do?modelID=TM01100
TM00253	Academia and Industry	Not Applicable	micetech@jax.org	micetech	http://tumor.informatics.jax.org/mtbwi/pdxRequest.do?mice=TM00253	http://tumor.informatics.jax.org/mtbwi/pdxDetails.do?modelID=TM00253
J000104117	Academia and Industry	Not Applicable	micetech@jax.org	micetech	http://tumor.informatics.jax.org/mtbwi/pdxRequest.do?mice=J000104117	http://tumor.informatics.jax.org/mtbwi/pdxDetails.do?modelID=J000104117
J000106535	Academia and Industry	Not Applicable	micetech@jax.org	micetech	http://tumor.informatics.jax.org/mtbwi/pdxRequest.do?mice=J000106535	http://tumor.informatics.jax.org/mtbwi/pdxDetails.do?modelID=J000106535
J000106536	Academia and Industry	Not Applicable	micetech@jax.org	micetech	http://tumor.informatics.jax.org/mtbwi/pdxRequest.do?mice=J000106536	http://tumor.informatics.jax.org/mtbwi/pdxDetails.do?modelID=J000106536
J000106533	Academia and Industry	Not Applicable	micetech@jax.org	micetech	http://tumor.informatics.jax.org/mtbwi/pdxRequest.do?mice=J000106533	http://tumor.informatics.jax.org/mtbwi/pdxDetails.do?modelID=J000106533
J000106534	Academia and Industry	Not Applicable	micetech@jax.org	micetech	http://tumor.informatics.jax.org/mtbwi/pdxRequest.do?mice=J000106534	http://tumor.informatics.jax.org/mtbwi/pdxDetails.do?modelID=J000106534
J000106531	Academia and Industry	Not Applicable	micetech@jax.org	micetech	http://tumor.informatics.jax.org/mtbwi/pdxRequest.do?mice=J000106531	http://tumor.informatics.jax.org/mtbwi/pdxDetails.do?modelID=J000106531
J000106532	Academia and Industry	Not Applicable	micetech@jax.org	micetech	http://tumor.informatics.jax.org/mtbwi/pdxRequest.do?mice=J000106532	http://tumor.informatics.jax.org/mtbwi/pdxDetails.do?modelID=J000106532
J000105561	Academia and Industry	Not Applicable	micetech@jax.org	micetech	http://tumor.informatics.jax.org/mtbwi/pdxRequest.do?mice=J000105561	http://tumor.informatics.jax.org/mtbwi/pdxDetails.do?modelID=J000105561
TM00246	Academia and Industry	Not Applicable	micetech@jax.org	micetech	http://tumor.informatics.jax.org/mtbwi/pdxRequest.do?mice=TM00246	http://tumor.informatics.jax.org/mtbwi/pdxDetails.do?modelID=TM00246
TM01215	Academia and Industry	Not Applicable	micetech@jax.org	micetech	http://tumor.informatics.jax.org/mtbwi/pdxRequest.do?mice=TM01215	http://tumor.informatics.jax.org/mtbwi/pdxDetails.do?modelID=TM01215
TM01457	Academia and Industry	Not Applicable	micetech@jax.org	micetech	http://tumor.informatics.jax.org/mtbwi/pdxRequest.do?mice=TM01457	http://tumor.informatics.jax.org/mtbwi/pdxDetails.do?modelID=TM01457
TM01578	Academia and Industry	Not Applicable	micetech@jax.org	micetech	http://tumor.informatics.jax.org/mtbwi/pdxRequest.do?mice=TM01578	http://tumor.informatics.jax.org/mtbwi/pdxDetails.do?modelID=TM01578
TM00244	Academia and Industry	Not Applicable	micetech@jax.org	micetech	http://tumor.informatics.jax.org/mtbwi/pdxRequest.do?mice=TM00244	http://tumor.informatics.jax.org/mtbwi/pdxDetails.do?modelID=TM00244
TM00001	Academia and Industry	Not Applicable	micetech@jax.org	micetech	http://tumor.informatics.jax.org/mtbwi/pdxRequest.do?mice=TM00001	http://tumor.informatics.jax.org/mtbwi/pdxDetails.do?modelID=TM00001
TM01212	Academia and Industry	Not Applicable	micetech@jax.org	micetech	http://tumor.informatics.jax.org/mtbwi/pdxRequest.do?mice=TM01212	http://tumor.informatics.jax.org/mtbwi/pdxDetails.do?modelID=TM01212
TM00368	Academia and Industry	Not Applicable	micetech@jax.org	micetech	http://tumor.informatics.jax.org/mtbwi/pdxRequest.do?mice=TM00368	http://tumor.informatics.jax.org/mtbwi/pdxDetails.do?modelID=TM00368
TM01571	Academia and Industry	Not Applicable	micetech@jax.org	micetech	http://tumor.informatics.jax.org/mtbwi/pdxRequest.do?mice=TM01571	http://tumor.informatics.jax.org/mtbwi/pdxDetails.do?modelID=TM01571
J000117541	Academia and Industry	Not Applicable	micetech@jax.org	micetech	http://tumor.informatics.jax.org/mtbwi/pdxRequest.do?mice=J000117541	http://tumor.informatics.jax.org/mtbwi/pdxDetails.do?modelID=J000117541
J000117663	Academia and Industry	Not Applicable	micetech@jax.org	micetech	http://tumor.informatics.jax.org/mtbwi/pdxRequest.do?mice=J000117663	http://tumor.informatics.jax.org/mtbwi/pdxDetails.do?modelID=J000117663
TM00360	Academia and Industry	Not Applicable	micetech@jax.org	micetech	http://tumor.informatics.jax.org/mtbwi/pdxRequest.do?mice=TM00360	http://tumor.informatics.jax.org/mtbwi/pdxDetails.do?modelID=TM00360
J000101173	Academia and Industry	Not Applicable	micetech@jax.org	micetech	http://tumor.informatics.jax.org/mtbwi/pdxRequest.do?mice=J000101173	http://tumor.informatics.jax.org/mtbwi/pdxDetails.do?modelID=J000101173
TM01517	Academia and Industry	Not Applicable	micetech@jax.org	micetech	http://tumor.informatics.jax.org/mtbwi/pdxRequest.do?mice=TM01517	http://tumor.informatics.jax.org/mtbwi/pdxDetails.do?modelID=TM01517
TM00312	Academia and Industry	Not Applicable	micetech@jax.org	micetech	http://tumor.informatics.jax.org/mtbwi/pdxRequest.do?mice=TM00312	http://tumor.informatics.jax.org/mtbwi/pdxDetails.do?modelID=TM00312
TM00311	Academia and Industry	Not Applicable	micetech@jax.org	micetech	http://tumor.informatics.jax.org/mtbwi/pdxRequest.do?mice=TM00311	http://tumor.informatics.jax.org/mtbwi/pdxDetails.do?modelID=TM00311
J000118608	Academia and Industry	Not Applicable	micetech@jax.org	micetech	http://tumor.informatics.jax.org/mtbwi/pdxRequest.do?mice=J000118608	http://tumor.informatics.jax.org/mtbwi/pdxDetails.do?modelID=J000118608
TM01404	Academia and Industry	Not Applicable	micetech@jax.org	micetech	http://tumor.informatics.jax.org/mtbwi/pdxRequest.do?mice=TM01404	http://tumor.informatics.jax.org/mtbwi/pdxDetails.do?modelID=TM01404
TM00314	Academia and Industry	Not Applicable	micetech@jax.org	micetech	http://tumor.informatics.jax.org/mtbwi/pdxRequest.do?mice=TM00314	http://tumor.informatics.jax.org/mtbwi/pdxDetails.do?modelID=TM00314
TM01400	Academia and Industry	Not Applicable	micetech@jax.org	micetech	http://tumor.informatics.jax.org/mtbwi/pdxRequest.do?mice=TM01400	http://tumor.informatics.jax.org/mtbwi/pdxDetails.do?modelID=TM01400
J000099207	Academia and Industry	Not Applicable	micetech@jax.org	micetech	http://tumor.informatics.jax.org/mtbwi/pdxRequest.do?mice=J000099207	http://tumor.informatics.jax.org/mtbwi/pdxDetails.do?modelID=J000099207
J000078984	Academia and Industry	Not Applicable	micetech@jax.org	micetech	http://tumor.informatics.jax.org/mtbwi/pdxRequest.do?mice=J000078984	http://tumor.informatics.jax.org/mtbwi/pdxDetails.do?modelID=J000078984
J000099327	Academia and Industry	Not Applicable	micetech@jax.org	micetech	http://tumor.informatics.jax.org/mtbwi/pdxRequest.do?mice=J000099327	http://tumor.informatics.jax.org/mtbwi/pdxDetails.do?modelID=J000099327
J000112064	Academia and Industry	Not Applicable	micetech@jax.org	micetech	http://tumor.informatics.jax.org/mtbwi/pdxRequest.do?mice=J000112064	http://tumor.informatics.jax.org/mtbwi/pdxDetails.do?modelID=J000112064
J000096053	Academia and Industry	Not Applicable	micetech@jax.org	micetech	http://tumor.informatics.jax.org/mtbwi/pdxRequest.do?mice=J000096053	http://tumor.informatics.jax.org/mtbwi/pdxDetails.do?modelID=J000096053
TM01509	Academia and Industry	Not Applicable	micetech@jax.org	micetech	http://tumor.informatics.jax.org/mtbwi/pdxRequest.do?mice=TM01509	http://tumor.informatics.jax.org/mtbwi/pdxDetails.do?modelID=TM01509
J000103366	Academia and Industry	Not Applicable	micetech@jax.org	micetech	http://tumor.informatics.jax.org/mtbwi/pdxRequest.do?mice=J000103366	http://tumor.informatics.jax.org/mtbwi/pdxDetails.do?modelID=J000103366
J000108931	Academia and Industry	Not Applicable	micetech@jax.org	micetech	http://tumor.informatics.jax.org/mtbwi/pdxRequest.do?mice=J000108931	http://tumor.informatics.jax.org/mtbwi/pdxDetails.do?modelID=J000108931
TM01628	Academia and Industry	Not Applicable	micetech@jax.org	micetech	http://tumor.informatics.jax.org/mtbwi/pdxRequest.do?mice=TM01628	http://tumor.informatics.jax.org/mtbwi/pdxDetails.do?modelID=TM01628
TM01629	Academia and Industry	Not Applicable	micetech@jax.org	micetech	http://tumor.informatics.jax.org/mtbwi/pdxRequest.do?mice=TM01629	http://tumor.informatics.jax.org/mtbwi/pdxDetails.do?modelID=TM01629
TM00784	Academia and Industry	Not Applicable	micetech@jax.org	micetech	http://tumor.informatics.jax.org/mtbwi/pdxRequest.do?mice=TM00784	http://tumor.informatics.jax.org/mtbwi/pdxDetails.do?modelID=TM00784
TM01634	Academia and Industry	Not Applicable	micetech@jax.org	micetech	http://tumor.informatics.jax.org/mtbwi/pdxRequest.do?mice=TM01634	http://tumor.informatics.jax.org/mtbwi/pdxDetails.do?modelID=TM01634
TM01513	Academia and Industry	Not Applicable	micetech@jax.org	micetech	http://tumor.informatics.jax.org/mtbwi/pdxRequest.do?mice=TM01513	http://tumor.informatics.jax.org/mtbwi/pdxDetails.do?modelID=TM01513
TM01510	Academia and Industry	Not Applicable	micetech@jax.org	micetech	http://tumor.informatics.jax.org/mtbwi/pdxRequest.do?mice=TM01510	http://tumor.informatics.jax.org/mtbwi/pdxDetails.do?modelID=TM01510
TM00302	Academia and Industry	Not Applicable	micetech@jax.org	micetech	http://tumor.informatics.jax.org/mtbwi/pdxRequest.do?mice=TM00302	http://tumor.informatics.jax.org/mtbwi/pdxDetails.do?modelID=TM00302
TM01632	Academia and Industry	Not Applicable	micetech@jax.org	micetech	http://tumor.informatics.jax.org/mtbwi/pdxRequest.do?mice=TM01632	http://tumor.informatics.jax.org/mtbwi/pdxDetails.do?modelID=TM01632
J000092712	Academia and Industry	Not Applicable	micetech@jax.org	micetech	http://tumor.informatics.jax.org/mtbwi/pdxRequest.do?mice=J000092712	http://tumor.informatics.jax.org/mtbwi/pdxDetails.do?modelID=J000092712
TM00208	Academia and Industry	Not Applicable	micetech@jax.org	micetech	http://tumor.informatics.jax.org/mtbwi/pdxRequest.do?mice=TM00208	http://tumor.informatics.jax.org/mtbwi/pdxDetails.do?modelID=TM00208
TM00213	Academia and Industry	Not Applicable	micetech@jax.org	micetech	http://tumor.informatics.jax.org/mtbwi/pdxRequest.do?mice=TM00213	http://tumor.informatics.jax.org/mtbwi/pdxDetails.do?modelID=TM00213
TM00334	Academia and Industry	Not Applicable	micetech@jax.org	micetech	http://tumor.informatics.jax.org/mtbwi/pdxRequest.do?mice=TM00334	http://tumor.informatics.jax.org/mtbwi/pdxDetails.do?modelID=TM00334
TM01303	Academia and Industry	Not Applicable	micetech@jax.org	micetech	http://tumor.informatics.jax.org/mtbwi/pdxRequest.do?mice=TM01303	http://tumor.informatics.jax.org/mtbwi/pdxDetails.do?modelID=TM01303
TM01545	Academia and Industry	Not Applicable	micetech@jax.org	micetech	http://tumor.informatics.jax.org/mtbwi/pdxRequest.do?mice=TM01545	http://tumor.informatics.jax.org/mtbwi/pdxDetails.do?modelID=TM01545
TM00212	Academia and Industry	Not Applicable	micetech@jax.org	micetech	http://tumor.informatics.jax.org/mtbwi/pdxRequest.do?mice=TM00212	http://tumor.informatics.jax.org/mtbwi/pdxDetails.do?modelID=TM00212
TM00332	Academia and Industry	Not Applicable	micetech@jax.org	micetech	http://tumor.informatics.jax.org/mtbwi/pdxRequest.do?mice=TM00332	http://tumor.informatics.jax.org/mtbwi/pdxDetails.do?modelID=TM00332
TM00694	Academia and Industry	Not Applicable	micetech@jax.org	micetech	http://tumor.informatics.jax.org/mtbwi/pdxRequest.do?mice=TM00694	http://tumor.informatics.jax.org/mtbwi/pdxDetails.do?modelID=TM00694
J000077636	Academia and Industry	Not Applicable	micetech@jax.org	micetech	http://tumor.informatics.jax.org/mtbwi/pdxRequest.do?mice=J000077636	http://tumor.informatics.jax.org/mtbwi/pdxDetails.do?modelID=J000077636
J000078604	Academia and Industry	Not Applicable	micetech@jax.org	micetech	http://tumor.informatics.jax.org/mtbwi/pdxRequest.do?mice=J000078604	http://tumor.informatics.jax.org/mtbwi/pdxDetails.do?modelID=J000078604
TM01427	Academia and Industry	Not Applicable	micetech@jax.org	micetech	http://tumor.informatics.jax.org/mtbwi/pdxRequest.do?mice=TM01427	http://tumor.informatics.jax.org/mtbwi/pdxDetails.do?modelID=TM01427
TM00214	Academia and Industry	Not Applicable	micetech@jax.org	micetech	http://tumor.informatics.jax.org/mtbwi/pdxRequest.do?mice=TM00214	http://tumor.informatics.jax.org/mtbwi/pdxDetails.do?modelID=TM00214
TM00335	Academia and Industry	Not Applicable	micetech@jax.org	micetech	http://tumor.informatics.jax.org/mtbwi/pdxRequest.do?mice=TM00335	http://tumor.informatics.jax.org/mtbwi/pdxDetails.do?modelID=TM00335
TM01302	Academia and Industry	Not Applicable	micetech@jax.org	micetech	http://tumor.informatics.jax.org/mtbwi/pdxRequest.do?mice=TM01302	http://tumor.informatics.jax.org/mtbwi/pdxDetails.do?modelID=TM01302
TM01423	Academia and Industry	Not Applicable	micetech@jax.org	micetech	http://tumor.informatics.jax.org/mtbwi/pdxRequest.do?mice=TM01423	http://tumor.informatics.jax.org/mtbwi/pdxDetails.do?modelID=TM01423
TM00330	Academia and Industry	Not Applicable	micetech@jax.org	micetech	http://tumor.informatics.jax.org/mtbwi/pdxRequest.do?mice=TM00330	http://tumor.informatics.jax.org/mtbwi/pdxDetails.do?modelID=TM00330
J000080739	Academia and Industry	Not Applicable	micetech@jax.org	micetech	http://tumor.informatics.jax.org/mtbwi/pdxRequest.do?mice=J000080739	http://tumor.informatics.jax.org/mtbwi/pdxDetails.do?modelID=J000080739
J000093933	Academia and Industry	Not Applicable	micetech@jax.org	micetech	http://tumor.informatics.jax.org/mtbwi/pdxRequest.do?mice=J000093933	http://tumor.informatics.jax.org/mtbwi/pdxDetails.do?modelID=J000093933
J000104314	Academia and Industry	Not Applicable	micetech@jax.org	micetech	http://tumor.informatics.jax.org/mtbwi/pdxRequest.do?mice=J000104314	http://tumor.informatics.jax.org/mtbwi/pdxDetails.do?modelID=J000104314
TM00317	Academia and Industry	Not Applicable	micetech@jax.org	micetech	http://tumor.informatics.jax.org/mtbwi/pdxRequest.do?mice=TM00317	http://tumor.informatics.jax.org/mtbwi/pdxDetails.do?modelID=TM00317
TM00206	Academia and Industry	Not Applicable	micetech@jax.org	micetech	http://tumor.informatics.jax.org/mtbwi/pdxRequest.do?mice=TM00206	http://tumor.informatics.jax.org/mtbwi/pdxDetails.do?modelID=TM00206
TM00327	Academia and Industry	Not Applicable	micetech@jax.org	micetech	http://tumor.informatics.jax.org/mtbwi/pdxRequest.do?mice=TM00327	http://tumor.informatics.jax.org/mtbwi/pdxDetails.do?modelID=TM00327
TM00204	Academia and Industry	Not Applicable	micetech@jax.org	micetech	http://tumor.informatics.jax.org/mtbwi/pdxRequest.do?mice=TM00204	http://tumor.informatics.jax.org/mtbwi/pdxDetails.do?modelID=TM00204
TM00203	Academia and Industry	Not Applicable	micetech@jax.org	micetech	http://tumor.informatics.jax.org/mtbwi/pdxRequest.do?mice=TM00203	http://tumor.informatics.jax.org/mtbwi/pdxDetails.do?modelID=TM00203
TM00324	Academia and Industry	Not Applicable	micetech@jax.org	micetech	http://tumor.informatics.jax.org/mtbwi/pdxRequest.do?mice=TM00324	http://tumor.informatics.jax.org/mtbwi/pdxDetails.do?modelID=TM00324
TM01533	Academia and Industry	Not Applicable	micetech@jax.org	micetech	http://tumor.informatics.jax.org/mtbwi/pdxRequest.do?mice=TM01533	http://tumor.informatics.jax.org/mtbwi/pdxDetails.do?modelID=TM01533
J000115417	Academia and Industry	Not Applicable	micetech@jax.org	micetech	http://tumor.informatics.jax.org/mtbwi/pdxRequest.do?mice=J000115417	http://tumor.informatics.jax.org/mtbwi/pdxDetails.do?modelID=J000115417
J000099761	Academia and Industry	Not Applicable	micetech@jax.org	micetech	http://tumor.informatics.jax.org/mtbwi/pdxRequest.do?mice=J000099761	http://tumor.informatics.jax.org/mtbwi/pdxDetails.do?modelID=J000099761
J000115416	Academia and Industry	Not Applicable	micetech@jax.org	micetech	http://tumor.informatics.jax.org/mtbwi/pdxRequest.do?mice=J000115416	http://tumor.informatics.jax.org/mtbwi/pdxDetails.do?modelID=J000115416
TM00877	Academia and Industry	Not Applicable	micetech@jax.org	micetech	http://tumor.informatics.jax.org/mtbwi/pdxRequest.do?mice=TM00877	http://tumor.informatics.jax.org/mtbwi/pdxDetails.do?modelID=TM00877
J000115419	Academia and Industry	Not Applicable	micetech@jax.org	micetech	http://tumor.informatics.jax.org/mtbwi/pdxRequest.do?mice=J000115419	http://tumor.informatics.jax.org/mtbwi/pdxDetails.do?modelID=J000115419
J000115418	Academia and Industry	Not Applicable	micetech@jax.org	micetech	http://tumor.informatics.jax.org/mtbwi/pdxRequest.do?mice=J000115418	http://tumor.informatics.jax.org/mtbwi/pdxDetails.do?modelID=J000115418
J000077451	Academia and Industry	Not Applicable	micetech@jax.org	micetech	http://tumor.informatics.jax.org/mtbwi/pdxRequest.do?mice=J000077451	http://tumor.informatics.jax.org/mtbwi/pdxDetails.do?modelID=J000077451
J000111056	Academia and Industry	Not Applicable	micetech@jax.org	micetech	http://tumor.informatics.jax.org/mtbwi/pdxRequest.do?mice=J000111056	http://tumor.informatics.jax.org/mtbwi/pdxDetails.do?modelID=J000111056
J000111054	Academia and Industry	Not Applicable	micetech@jax.org	micetech	http://tumor.informatics.jax.org/mtbwi/pdxRequest.do?mice=J000111054	http://tumor.informatics.jax.org/mtbwi/pdxDetails.do?modelID=J000111054
TM00857	Academia and Industry	Not Applicable	micetech@jax.org	micetech	http://tumor.informatics.jax.org/mtbwi/pdxRequest.do?mice=TM00857	http://tumor.informatics.jax.org/mtbwi/pdxDetails.do?modelID=TM00857
TM00977	Academia and Industry	Not Applicable	micetech@jax.org	micetech	http://tumor.informatics.jax.org/mtbwi/pdxRequest.do?mice=TM00977	http://tumor.informatics.jax.org/mtbwi/pdxDetails.do?modelID=TM00977
TM00862	Academia and Industry	Not Applicable	micetech@jax.org	micetech	http://tumor.informatics.jax.org/mtbwi/pdxRequest.do?mice=TM00862	http://tumor.informatics.jax.org/mtbwi/pdxDetails.do?modelID=TM00862
TM00860	Academia and Industry	Not Applicable	micetech@jax.org	micetech	http://tumor.informatics.jax.org/mtbwi/pdxRequest.do?mice=TM00860	http://tumor.informatics.jax.org/mtbwi/pdxDetails.do?modelID=TM00860
TM00980	Academia and Industry	Not Applicable	micetech@jax.org	micetech	http://tumor.informatics.jax.org/mtbwi/pdxRequest.do?mice=TM00980	http://tumor.informatics.jax.org/mtbwi/pdxDetails.do?modelID=TM00980
J000115420	Academia and Industry	Not Applicable	micetech@jax.org	micetech	http://tumor.informatics.jax.org/mtbwi/pdxRequest.do?mice=J000115420	http://tumor.informatics.jax.org/mtbwi/pdxDetails.do?modelID=J000115420
J000095054	Academia and Industry	Not Applicable	micetech@jax.org	micetech	http://tumor.informatics.jax.org/mtbwi/pdxRequest.do?mice=J000095054	http://tumor.informatics.jax.org/mtbwi/pdxDetails.do?modelID=J000095054
J000102326	Academia and Industry	Not Applicable	micetech@jax.org	micetech	http://tumor.informatics.jax.org/mtbwi/pdxRequest.do?mice=J000102326	http://tumor.informatics.jax.org/mtbwi/pdxDetails.do?modelID=J000102326
TM01619	Academia and Industry	Not Applicable	micetech@jax.org	micetech	http://tumor.informatics.jax.org/mtbwi/pdxRequest.do?mice=TM01619	http://tumor.informatics.jax.org/mtbwi/pdxDetails.do?modelID=TM01619
TM00889	Academia and Industry	Not Applicable	micetech@jax.org	micetech	http://tumor.informatics.jax.org/mtbwi/pdxRequest.do?mice=TM00889	http://tumor.informatics.jax.org/mtbwi/pdxDetails.do?modelID=TM00889
J000102680	Academia and Industry	Not Applicable	micetech@jax.org	micetech	http://tumor.informatics.jax.org/mtbwi/pdxRequest.do?mice=J000102680	http://tumor.informatics.jax.org/mtbwi/pdxDetails.do?modelID=J000102680
TM01617	Academia and Industry	Not Applicable	micetech@jax.org	micetech	http://tumor.informatics.jax.org/mtbwi/pdxRequest.do?mice=TM01617	http://tumor.informatics.jax.org/mtbwi/pdxDetails.do?modelID=TM01617
TM01618	Academia and Industry	Not Applicable	micetech@jax.org	micetech	http://tumor.informatics.jax.org/mtbwi/pdxRequest.do?mice=TM01618	http://tumor.informatics.jax.org/mtbwi/pdxDetails.do?modelID=TM01618
TM00896	Academia and Industry	Not Applicable	micetech@jax.org	micetech	http://tumor.informatics.jax.org/mtbwi/pdxRequest.do?mice=TM00896	http://tumor.informatics.jax.org/mtbwi/pdxDetails.do?modelID=TM00896
TM01500	Academia and Industry	Not Applicable	micetech@jax.org	micetech	http://tumor.informatics.jax.org/mtbwi/pdxRequest.do?mice=TM01500	http://tumor.informatics.jax.org/mtbwi/pdxDetails.do?modelID=TM01500
J000104518	Academia and Industry	Not Applicable	micetech@jax.org	micetech	http://tumor.informatics.jax.org/mtbwi/pdxRequest.do?mice=J000104518	http://tumor.informatics.jax.org/mtbwi/pdxDetails.do?modelID=J000104518
J000101006	Academia and Industry	Not Applicable	micetech@jax.org	micetech	http://tumor.informatics.jax.org/mtbwi/pdxRequest.do?mice=J000101006	http://tumor.informatics.jax.org/mtbwi/pdxDetails.do?modelID=J000101006
J000101005	Academia and Industry	Not Applicable	micetech@jax.org	micetech	http://tumor.informatics.jax.org/mtbwi/pdxRequest.do?mice=J000101005	http://tumor.informatics.jax.org/mtbwi/pdxDetails.do?modelID=J000101005
J000099318	Academia and Industry	Not Applicable	micetech@jax.org	micetech	http://tumor.informatics.jax.org/mtbwi/pdxRequest.do?mice=J000099318	http://tumor.informatics.jax.org/mtbwi/pdxDetails.do?modelID=J000099318
TM00999	Academia and Industry	Not Applicable	micetech@jax.org	micetech	http://tumor.informatics.jax.org/mtbwi/pdxRequest.do?mice=TM00999	http://tumor.informatics.jax.org/mtbwi/pdxDetails.do?modelID=TM00999
J000101121	Academia and Industry	Not Applicable	micetech@jax.org	micetech	http://tumor.informatics.jax.org/mtbwi/pdxRequest.do?mice=J000101121	http://tumor.informatics.jax.org/mtbwi/pdxDetails.do?modelID=J000101121
TM00884	Academia and Industry	Not Applicable	micetech@jax.org	micetech	http://tumor.informatics.jax.org/mtbwi/pdxRequest.do?mice=TM00884	http://tumor.informatics.jax.org/mtbwi/pdxDetails.do?modelID=TM00884
TM01611	Academia and Industry	Not Applicable	micetech@jax.org	micetech	http://tumor.informatics.jax.org/mtbwi/pdxRequest.do?mice=TM01611	http://tumor.informatics.jax.org/mtbwi/pdxDetails.do?modelID=TM01611
J000097253	Academia and Industry	Not Applicable	micetech@jax.org	micetech	http://tumor.informatics.jax.org/mtbwi/pdxRequest.do?mice=J000097253	http://tumor.informatics.jax.org/mtbwi/pdxDetails.do?modelID=J000097253
TM01612	Academia and Industry	Not Applicable	micetech@jax.org	micetech	http://tumor.informatics.jax.org/mtbwi/pdxRequest.do?mice=TM01612	http://tumor.informatics.jax.org/mtbwi/pdxDetails.do?modelID=TM01612
TM00881	Academia and Industry	Not Applicable	micetech@jax.org	micetech	http://tumor.informatics.jax.org/mtbwi/pdxRequest.do?mice=TM00881	http://tumor.informatics.jax.org/mtbwi/pdxDetails.do?modelID=TM00881
TM00888	Academia and Industry	Not Applicable	micetech@jax.org	micetech	http://tumor.informatics.jax.org/mtbwi/pdxRequest.do?mice=TM00888	http://tumor.informatics.jax.org/mtbwi/pdxDetails.do?modelID=TM00888
TM00887	Academia and Industry	Not Applicable	micetech@jax.org	micetech	http://tumor.informatics.jax.org/mtbwi/pdxRequest.do?mice=TM00887	http://tumor.informatics.jax.org/mtbwi/pdxDetails.do?modelID=TM00887
J000103634	Academia and Industry	Not Applicable	micetech@jax.org	micetech	http://tumor.informatics.jax.org/mtbwi/pdxRequest.do?mice=J000103634	http://tumor.informatics.jax.org/mtbwi/pdxDetails.do?modelID=J000103634
J000105934	Academia and Industry	Not Applicable	micetech@jax.org	micetech	http://tumor.informatics.jax.org/mtbwi/pdxRequest.do?mice=J000105934	http://tumor.informatics.jax.org/mtbwi/pdxDetails.do?modelID=J000105934
TM00945	Academia and Industry	Not Applicable	micetech@jax.org	micetech	http://tumor.informatics.jax.org/mtbwi/pdxRequest.do?mice=TM00945	http://tumor.informatics.jax.org/mtbwi/pdxDetails.do?modelID=TM00945
TM00702	Academia and Industry	Not Applicable	micetech@jax.org	micetech	http://tumor.informatics.jax.org/mtbwi/pdxRequest.do?mice=TM00702	http://tumor.informatics.jax.org/mtbwi/pdxDetails.do?modelID=TM00702
J000104720	Academia and Industry	Not Applicable	micetech@jax.org	micetech	http://tumor.informatics.jax.org/mtbwi/pdxRequest.do?mice=J000104720	http://tumor.informatics.jax.org/mtbwi/pdxDetails.do?modelID=J000104720
J000100365	Academia and Industry	Not Applicable	micetech@jax.org	micetech	http://tumor.informatics.jax.org/mtbwi/pdxRequest.do?mice=J000100365	http://tumor.informatics.jax.org/mtbwi/pdxDetails.do?modelID=J000100365
TM00832	Academia and Industry	Not Applicable	micetech@jax.org	micetech	http://tumor.informatics.jax.org/mtbwi/pdxRequest.do?mice=TM00832	http://tumor.informatics.jax.org/mtbwi/pdxDetails.do?modelID=TM00832
TM00939	Academia and Industry	Not Applicable	micetech@jax.org	micetech	http://tumor.informatics.jax.org/mtbwi/pdxRequest.do?mice=TM00939	http://tumor.informatics.jax.org/mtbwi/pdxDetails.do?modelID=TM00939
J000096904	Academia and Industry	Not Applicable	micetech@jax.org	micetech	http://tumor.informatics.jax.org/mtbwi/pdxRequest.do?mice=J000096904	http://tumor.informatics.jax.org/mtbwi/pdxDetails.do?modelID=J000096904
J000101220	Academia and Industry	Not Applicable	micetech@jax.org	micetech	http://tumor.informatics.jax.org/mtbwi/pdxRequest.do?mice=J000101220	http://tumor.informatics.jax.org/mtbwi/pdxDetails.do?modelID=J000101220
J000112358	Academia and Industry	Not Applicable	micetech@jax.org	micetech	http://tumor.informatics.jax.org/mtbwi/pdxRequest.do?mice=J000112358	http://tumor.informatics.jax.org/mtbwi/pdxDetails.do?modelID=J000112358
J000109079	Academia and Industry	Not Applicable	micetech@jax.org	micetech	http://tumor.informatics.jax.org/mtbwi/pdxRequest.do?mice=J000109079	http://tumor.informatics.jax.org/mtbwi/pdxDetails.do?modelID=J000109079
TM00943	Academia and Industry	Not Applicable	micetech@jax.org	micetech	http://tumor.informatics.jax.org/mtbwi/pdxRequest.do?mice=TM00943	http://tumor.informatics.jax.org/mtbwi/pdxDetails.do?modelID=TM00943
J000078336	Academia and Industry	Not Applicable	micetech@jax.org	micetech	http://tumor.informatics.jax.org/mtbwi/pdxRequest.do?mice=J000078336	http://tumor.informatics.jax.org/mtbwi/pdxDetails.do?modelID=J000078336
TM00847	Academia and Industry	Not Applicable	micetech@jax.org	micetech	http://tumor.informatics.jax.org/mtbwi/pdxRequest.do?mice=TM00847	http://tumor.informatics.jax.org/mtbwi/pdxDetails.do?modelID=TM00847
J000096913	Academia and Industry	Not Applicable	micetech@jax.org	micetech	http://tumor.informatics.jax.org/mtbwi/pdxRequest.do?mice=J000096913	http://tumor.informatics.jax.org/mtbwi/pdxDetails.do?modelID=J000096913
TM00849	Academia and Industry	Not Applicable	micetech@jax.org	micetech	http://tumor.informatics.jax.org/mtbwi/pdxRequest.do?mice=TM00849	http://tumor.informatics.jax.org/mtbwi/pdxDetails.do?modelID=TM00849
J000077591	Academia and Industry	Not Applicable	micetech@jax.org	micetech	http://tumor.informatics.jax.org/mtbwi/pdxRequest.do?mice=J000077591	http://tumor.informatics.jax.org/mtbwi/pdxDetails.do?modelID=J000077591
J000101329	Academia and Industry	Not Applicable	micetech@jax.org	micetech	http://tumor.informatics.jax.org/mtbwi/pdxRequest.do?mice=J000101329	http://tumor.informatics.jax.org/mtbwi/pdxDetails.do?modelID=J000101329
J000101328	Academia and Industry	Not Applicable	micetech@jax.org	micetech	http://tumor.informatics.jax.org/mtbwi/pdxRequest.do?mice=J000101328	http://tumor.informatics.jax.org/mtbwi/pdxDetails.do?modelID=J000101328
TM00958	Academia and Industry	Not Applicable	micetech@jax.org	micetech	http://tumor.informatics.jax.org/mtbwi/pdxRequest.do?mice=TM00958	http://tumor.informatics.jax.org/mtbwi/pdxDetails.do?modelID=TM00958
J000096922	Academia and Industry	Not Applicable	micetech@jax.org	micetech	http://tumor.informatics.jax.org/mtbwi/pdxRequest.do?mice=J000096922	http://tumor.informatics.jax.org/mtbwi/pdxDetails.do?modelID=J000096922
TM00964	Academia and Industry	Not Applicable	micetech@jax.org	micetech	http://tumor.informatics.jax.org/mtbwi/pdxRequest.do?mice=TM00964	http://tumor.informatics.jax.org/mtbwi/pdxDetails.do?modelID=TM00964
J000078673	Academia and Industry	Not Applicable	micetech@jax.org	micetech	http://tumor.informatics.jax.org/mtbwi/pdxRequest.do?mice=J000078673	http://tumor.informatics.jax.org/mtbwi/pdxDetails.do?modelID=J000078673
J000101892	Academia and Industry	Not Applicable	micetech@jax.org	micetech	http://tumor.informatics.jax.org/mtbwi/pdxRequest.do?mice=J000101892	http://tumor.informatics.jax.org/mtbwi/pdxDetails.do?modelID=J000101892
J000094918	Academia and Industry	Not Applicable	micetech@jax.org	micetech	http://tumor.informatics.jax.org/mtbwi/pdxRequest.do?mice=J000094918	http://tumor.informatics.jax.org/mtbwi/pdxDetails.do?modelID=J000094918
J000114963	Academia and Industry	Not Applicable	micetech@jax.org	micetech	http://tumor.informatics.jax.org/mtbwi/pdxRequest.do?mice=J000114963	http://tumor.informatics.jax.org/mtbwi/pdxDetails.do?modelID=J000114963
TM00910	Academia and Industry	Not Applicable	micetech@jax.org	micetech	http://tumor.informatics.jax.org/mtbwi/pdxRequest.do?mice=TM00910	http://tumor.informatics.jax.org/mtbwi/pdxDetails.do?modelID=TM00910
J000102630	Academia and Industry	Not Applicable	micetech@jax.org	micetech	http://tumor.informatics.jax.org/mtbwi/pdxRequest.do?mice=J000102630	http://tumor.informatics.jax.org/mtbwi/pdxDetails.do?modelID=J000102630
J000098169	Academia and Industry	Not Applicable	micetech@jax.org	micetech	http://tumor.informatics.jax.org/mtbwi/pdxRequest.do?mice=J000098169	http://tumor.informatics.jax.org/mtbwi/pdxDetails.do?modelID=J000098169
J000099257	Academia and Industry	Not Applicable	micetech@jax.org	micetech	http://tumor.informatics.jax.org/mtbwi/pdxRequest.do?mice=J000099257	http://tumor.informatics.jax.org/mtbwi/pdxDetails.do?modelID=J000099257
J000119280	Academia and Industry	Not Applicable	micetech@jax.org	micetech	http://tumor.informatics.jax.org/mtbwi/pdxRequest.do?mice=J000119280	http://tumor.informatics.jax.org/mtbwi/pdxDetails.do?modelID=J000119280
TM00922	Academia and Industry	Not Applicable	micetech@jax.org	micetech	http://tumor.informatics.jax.org/mtbwi/pdxRequest.do?mice=TM00922	http://tumor.informatics.jax.org/mtbwi/pdxDetails.do?modelID=TM00922
TM00929	Academia and Industry	Not Applicable	micetech@jax.org	micetech	http://tumor.informatics.jax.org/mtbwi/pdxRequest.do?mice=TM00929	http://tumor.informatics.jax.org/mtbwi/pdxDetails.do?modelID=TM00929
TM00928	Academia and Industry	Not Applicable	micetech@jax.org	micetech	http://tumor.informatics.jax.org/mtbwi/pdxRequest.do?mice=TM00928	http://tumor.informatics.jax.org/mtbwi/pdxDetails.do?modelID=TM00928
TM00927	Academia and Industry	Not Applicable	micetech@jax.org	micetech	http://tumor.informatics.jax.org/mtbwi/pdxRequest.do?mice=TM00927	http://tumor.informatics.jax.org/mtbwi/pdxDetails.do?modelID=TM00927
TM00926	Academia and Industry	Not Applicable	micetech@jax.org	micetech	http://tumor.informatics.jax.org/mtbwi/pdxRequest.do?mice=TM00926	http://tumor.informatics.jax.org/mtbwi/pdxDetails.do?modelID=TM00926
J000078366	Academia and Industry	Not Applicable	micetech@jax.org	micetech	http://tumor.informatics.jax.org/mtbwi/pdxRequest.do?mice=J000078366	http://tumor.informatics.jax.org/mtbwi/pdxDetails.do?modelID=J000078366
TM00931	Academia and Industry	Not Applicable	micetech@jax.org	micetech	http://tumor.informatics.jax.org/mtbwi/pdxRequest.do?mice=TM00931	http://tumor.informatics.jax.org/mtbwi/pdxDetails.do?modelID=TM00931
TM00930	Academia and Industry	Not Applicable	micetech@jax.org	micetech	http://tumor.informatics.jax.org/mtbwi/pdxRequest.do?mice=TM00930	http://tumor.informatics.jax.org/mtbwi/pdxDetails.do?modelID=TM00930
J000112882	Academia and Industry	Not Applicable	micetech@jax.org	micetech	http://tumor.informatics.jax.org/mtbwi/pdxRequest.do?mice=J000112882	http://tumor.informatics.jax.org/mtbwi/pdxDetails.do?modelID=J000112882
J000100556	Academia and Industry	Not Applicable	micetech@jax.org	micetech	http://tumor.informatics.jax.org/mtbwi/pdxRequest.do?mice=J000100556	http://tumor.informatics.jax.org/mtbwi/pdxDetails.do?modelID=J000100556
J000100675	Academia and Industry	Not Applicable	micetech@jax.org	micetech	http://tumor.informatics.jax.org/mtbwi/pdxRequest.do?mice=J000100675	http://tumor.informatics.jax.org/mtbwi/pdxDetails.do?modelID=J000100675
J000100674	Academia and Industry	Not Applicable	micetech@jax.org	micetech	http://tumor.informatics.jax.org/mtbwi/pdxRequest.do?mice=J000100674	http://tumor.informatics.jax.org/mtbwi/pdxDetails.do?modelID=J000100674
TM00914	Academia and Industry	Not Applicable	micetech@jax.org	micetech	http://tumor.informatics.jax.org/mtbwi/pdxRequest.do?mice=TM00914	http://tumor.informatics.jax.org/mtbwi/pdxDetails.do?modelID=TM00914
TM00913	Academia and Industry	Not Applicable	micetech@jax.org	micetech	http://tumor.informatics.jax.org/mtbwi/pdxRequest.do?mice=TM00913	http://tumor.informatics.jax.org/mtbwi/pdxDetails.do?modelID=TM00913
J000100672	Academia and Industry	Not Applicable	micetech@jax.org	micetech	http://tumor.informatics.jax.org/mtbwi/pdxRequest.do?mice=J000100672	http://tumor.informatics.jax.org/mtbwi/pdxDetails.do?modelID=J000100672
TM00916	Academia and Industry	Not Applicable	micetech@jax.org	micetech	http://tumor.informatics.jax.org/mtbwi/pdxRequest.do?mice=TM00916	http://tumor.informatics.jax.org/mtbwi/pdxDetails.do?modelID=TM00916
J000094707	Academia and Industry	Not Applicable	micetech@jax.org	micetech	http://tumor.informatics.jax.org/mtbwi/pdxRequest.do?mice=J000094707	http://tumor.informatics.jax.org/mtbwi/pdxDetails.do?modelID=J000094707
J000108157	Academia and Industry	Not Applicable	micetech@jax.org	micetech	http://tumor.informatics.jax.org/mtbwi/pdxRequest.do?mice=J000108157	http://tumor.informatics.jax.org/mtbwi/pdxDetails.do?modelID=J000108157
J000112414	Academia and Industry	Not Applicable	micetech@jax.org	micetech	http://tumor.informatics.jax.org/mtbwi/pdxRequest.do?mice=J000112414	http://tumor.informatics.jax.org/mtbwi/pdxDetails.do?modelID=J000112414
TM00921	Academia and Industry	Not Applicable	micetech@jax.org	micetech	http://tumor.informatics.jax.org/mtbwi/pdxRequest.do?mice=TM00921	http://tumor.informatics.jax.org/mtbwi/pdxDetails.do?modelID=TM00921
TM00920	Academia and Industry	Not Applicable	micetech@jax.org	micetech	http://tumor.informatics.jax.org/mtbwi/pdxRequest.do?mice=TM00920	http://tumor.informatics.jax.org/mtbwi/pdxDetails.do?modelID=TM00920
J000079689	Academia and Industry	Not Applicable	micetech@jax.org	micetech	http://tumor.informatics.jax.org/mtbwi/pdxRequest.do?mice=J000079689	http://tumor.informatics.jax.org/mtbwi/pdxDetails.do?modelID=J000079689
J000100646	Academia and Industry	Not Applicable	micetech@jax.org	micetech	http://tumor.informatics.jax.org/mtbwi/pdxRequest.do?mice=J000100646	http://tumor.informatics.jax.org/mtbwi/pdxDetails.do?modelID=J000100646
J000096854	Academia and Industry	Not Applicable	micetech@jax.org	micetech	http://tumor.informatics.jax.org/mtbwi/pdxRequest.do?mice=J000096854	http://tumor.informatics.jax.org/mtbwi/pdxDetails.do?modelID=J000096854
J000096976	Academia and Industry	Not Applicable	micetech@jax.org	micetech	http://tumor.informatics.jax.org/mtbwi/pdxRequest.do?mice=J000096976	http://tumor.informatics.jax.org/mtbwi/pdxDetails.do?modelID=J000096976
TM01086	Academia and Industry	Not Applicable	micetech@jax.org	micetech	http://tumor.informatics.jax.org/mtbwi/pdxRequest.do?mice=TM01086	http://tumor.informatics.jax.org/mtbwi/pdxDetails.do?modelID=TM01086
TM01087	Academia and Industry	Not Applicable	micetech@jax.org	micetech	http://tumor.informatics.jax.org/mtbwi/pdxRequest.do?mice=TM01087	http://tumor.informatics.jax.org/mtbwi/pdxDetails.do?modelID=TM01087
J000103917	Academia and Industry	Not Applicable	micetech@jax.org	micetech	http://tumor.informatics.jax.org/mtbwi/pdxRequest.do?mice=J000103917	http://tumor.informatics.jax.org/mtbwi/pdxDetails.do?modelID=J000103917
TM01085	Academia and Industry	Not Applicable	micetech@jax.org	micetech	http://tumor.informatics.jax.org/mtbwi/pdxRequest.do?mice=TM01085	http://tumor.informatics.jax.org/mtbwi/pdxDetails.do?modelID=TM01085
J000101866	Academia and Industry	Not Applicable	micetech@jax.org	micetech	http://tumor.informatics.jax.org/mtbwi/pdxRequest.do?mice=J000101866	http://tumor.informatics.jax.org/mtbwi/pdxDetails.do?modelID=J000101866
J000096869	Academia and Industry	Not Applicable	micetech@jax.org	micetech	http://tumor.informatics.jax.org/mtbwi/pdxRequest.do?mice=J000096869	http://tumor.informatics.jax.org/mtbwi/pdxDetails.do?modelID=J000096869
J000111787	Academia and Industry	Not Applicable	micetech@jax.org	micetech	http://tumor.informatics.jax.org/mtbwi/pdxRequest.do?mice=J000111787	http://tumor.informatics.jax.org/mtbwi/pdxDetails.do?modelID=J000111787
TM01079	Academia and Industry	Not Applicable	micetech@jax.org	micetech	http://tumor.informatics.jax.org/mtbwi/pdxRequest.do?mice=TM01079	http://tumor.informatics.jax.org/mtbwi/pdxDetails.do?modelID=TM01079
J000111428	Academia and Industry	Not Applicable	micetech@jax.org	micetech	http://tumor.informatics.jax.org/mtbwi/pdxRequest.do?mice=J000111428	http://tumor.informatics.jax.org/mtbwi/pdxDetails.do?modelID=J000111428
J000096985	Academia and Industry	Not Applicable	micetech@jax.org	micetech	http://tumor.informatics.jax.org/mtbwi/pdxRequest.do?mice=J000096985	http://tumor.informatics.jax.org/mtbwi/pdxDetails.do?modelID=J000096985
TM01075	Academia and Industry	Not Applicable	micetech@jax.org	micetech	http://tumor.informatics.jax.org/mtbwi/pdxRequest.do?mice=TM01075	http://tumor.informatics.jax.org/mtbwi/pdxDetails.do?modelID=TM01075
TM01076	Academia and Industry	Not Applicable	micetech@jax.org	micetech	http://tumor.informatics.jax.org/mtbwi/pdxRequest.do?mice=TM01076	http://tumor.informatics.jax.org/mtbwi/pdxDetails.do?modelID=TM01076
J000096878	Academia and Industry	Not Applicable	micetech@jax.org	micetech	http://tumor.informatics.jax.org/mtbwi/pdxRequest.do?mice=J000096878	http://tumor.informatics.jax.org/mtbwi/pdxDetails.do?modelID=J000096878
J000109799	Academia and Industry	Not Applicable	micetech@jax.org	micetech	http://tumor.informatics.jax.org/mtbwi/pdxRequest.do?mice=J000109799	http://tumor.informatics.jax.org/mtbwi/pdxDetails.do?modelID=J000109799
J000108112	Academia and Industry	Not Applicable	micetech@jax.org	micetech	http://tumor.informatics.jax.org/mtbwi/pdxRequest.do?mice=J000108112	http://tumor.informatics.jax.org/mtbwi/pdxDetails.do?modelID=J000108112
J000079378	Academia and Industry	Not Applicable	micetech@jax.org	micetech	http://tumor.informatics.jax.org/mtbwi/pdxRequest.do?mice=J000079378	http://tumor.informatics.jax.org/mtbwi/pdxDetails.do?modelID=J000079378
J000096994	Academia and Industry	Not Applicable	micetech@jax.org	micetech	http://tumor.informatics.jax.org/mtbwi/pdxRequest.do?mice=J000096994	http://tumor.informatics.jax.org/mtbwi/pdxDetails.do?modelID=J000096994
J000106172	Academia and Industry	Not Applicable	micetech@jax.org	micetech	http://tumor.informatics.jax.org/mtbwi/pdxRequest.do?mice=J000106172	http://tumor.informatics.jax.org/mtbwi/pdxDetails.do?modelID=J000106172
TM01092	Academia and Industry	Not Applicable	micetech@jax.org	micetech	http://tumor.informatics.jax.org/mtbwi/pdxRequest.do?mice=TM01092	http://tumor.informatics.jax.org/mtbwi/pdxDetails.do?modelID=TM01092
J000093018	Academia and Industry	Not Applicable	micetech@jax.org	micetech	http://tumor.informatics.jax.org/mtbwi/pdxRequest.do?mice=J000093018	http://tumor.informatics.jax.org/mtbwi/pdxDetails.do?modelID=J000093018
J000111644	Academia and Industry	Not Applicable	micetech@jax.org	micetech	http://tumor.informatics.jax.org/mtbwi/pdxRequest.do?mice=J000111644	http://tumor.informatics.jax.org/mtbwi/pdxDetails.do?modelID=J000111644
J000119129	Academia and Industry	Not Applicable	micetech@jax.org	micetech	http://tumor.informatics.jax.org/mtbwi/pdxRequest.do?mice=J000119129	http://tumor.informatics.jax.org/mtbwi/pdxDetails.do?modelID=J000119129
TM01098	Academia and Industry	Not Applicable	micetech@jax.org	micetech	http://tumor.informatics.jax.org/mtbwi/pdxRequest.do?mice=TM01098	http://tumor.informatics.jax.org/mtbwi/pdxDetails.do?modelID=TM01098
J000094100	Academia and Industry	Not Applicable	micetech@jax.org	micetech	http://tumor.informatics.jax.org/mtbwi/pdxRequest.do?mice=J000094100	http://tumor.informatics.jax.org/mtbwi/pdxDetails.do?modelID=J000094100
TM01096	Academia and Industry	Not Applicable	micetech@jax.org	micetech	http://tumor.informatics.jax.org/mtbwi/pdxRequest.do?mice=TM01096	http://tumor.informatics.jax.org/mtbwi/pdxDetails.do?modelID=TM01096
TM00190	Academia and Industry	Not Applicable	micetech@jax.org	micetech	http://tumor.informatics.jax.org/mtbwi/pdxRequest.do?mice=TM00190	http://tumor.informatics.jax.org/mtbwi/pdxDetails.do?modelID=TM00190
J000096931	Academia and Industry	Not Applicable	micetech@jax.org	micetech	http://tumor.informatics.jax.org/mtbwi/pdxRequest.do?mice=J000096931	http://tumor.informatics.jax.org/mtbwi/pdxDetails.do?modelID=J000096931
J000080230	Academia and Industry	Not Applicable	micetech@jax.org	micetech	http://tumor.informatics.jax.org/mtbwi/pdxRequest.do?mice=J000080230	http://tumor.informatics.jax.org/mtbwi/pdxDetails.do?modelID=J000080230
J000106146	Academia and Industry	Not Applicable	micetech@jax.org	micetech	http://tumor.informatics.jax.org/mtbwi/pdxRequest.do?mice=J000106146	http://tumor.informatics.jax.org/mtbwi/pdxDetails.do?modelID=J000106146
J000106144	Academia and Industry	Not Applicable	micetech@jax.org	micetech	http://tumor.informatics.jax.org/mtbwi/pdxRequest.do?mice=J000106144	http://tumor.informatics.jax.org/mtbwi/pdxDetails.do?modelID=J000106144
J000106145	Academia and Industry	Not Applicable	micetech@jax.org	micetech	http://tumor.informatics.jax.org/mtbwi/pdxRequest.do?mice=J000106145	http://tumor.informatics.jax.org/mtbwi/pdxDetails.do?modelID=J000106145
TM00078	Academia and Industry	Not Applicable	micetech@jax.org	micetech	http://tumor.informatics.jax.org/mtbwi/pdxRequest.do?mice=TM00078	http://tumor.informatics.jax.org/mtbwi/pdxDetails.do?modelID=TM00078
TM00199	Academia and Industry	Not Applicable	micetech@jax.org	micetech	http://tumor.informatics.jax.org/mtbwi/pdxRequest.do?mice=TM00199	http://tumor.informatics.jax.org/mtbwi/pdxDetails.do?modelID=TM00199
J000104096	Academia and Industry	Not Applicable	micetech@jax.org	micetech	http://tumor.informatics.jax.org/mtbwi/pdxRequest.do?mice=J000104096	http://tumor.informatics.jax.org/mtbwi/pdxDetails.do?modelID=J000104096
TM01168	Academia and Industry	Not Applicable	micetech@jax.org	micetech	http://tumor.informatics.jax.org/mtbwi/pdxRequest.do?mice=TM01168	http://tumor.informatics.jax.org/mtbwi/pdxDetails.do?modelID=TM01168
J000111615	Academia and Industry	Not Applicable	micetech@jax.org	micetech	http://tumor.informatics.jax.org/mtbwi/pdxRequest.do?mice=J000111615	http://tumor.informatics.jax.org/mtbwi/pdxDetails.do?modelID=J000111615
TM01048	Academia and Industry	Not Applicable	micetech@jax.org	micetech	http://tumor.informatics.jax.org/mtbwi/pdxRequest.do?mice=TM01048	http://tumor.informatics.jax.org/mtbwi/pdxDetails.do?modelID=TM01048
TM00073	Academia and Industry	Not Applicable	micetech@jax.org	micetech	http://tumor.informatics.jax.org/mtbwi/pdxRequest.do?mice=TM00073	http://tumor.informatics.jax.org/mtbwi/pdxDetails.do?modelID=TM00073
TM00194	Academia and Industry	Not Applicable	micetech@jax.org	micetech	http://tumor.informatics.jax.org/mtbwi/pdxRequest.do?mice=TM00194	http://tumor.informatics.jax.org/mtbwi/pdxDetails.do?modelID=TM00194
TM01284	Academia and Industry	Not Applicable	micetech@jax.org	micetech	http://tumor.informatics.jax.org/mtbwi/pdxRequest.do?mice=TM01284	http://tumor.informatics.jax.org/mtbwi/pdxDetails.do?modelID=TM01284
TM00072	Academia and Industry	Not Applicable	micetech@jax.org	micetech	http://tumor.informatics.jax.org/mtbwi/pdxRequest.do?mice=TM00072	http://tumor.informatics.jax.org/mtbwi/pdxDetails.do?modelID=TM00072
TM00193	Academia and Industry	Not Applicable	micetech@jax.org	micetech	http://tumor.informatics.jax.org/mtbwi/pdxRequest.do?mice=TM00193	http://tumor.informatics.jax.org/mtbwi/pdxDetails.do?modelID=TM00193
TM00192	Academia and Industry	Not Applicable	micetech@jax.org	micetech	http://tumor.informatics.jax.org/mtbwi/pdxRequest.do?mice=TM00192	http://tumor.informatics.jax.org/mtbwi/pdxDetails.do?modelID=TM00192
TM01044	Academia and Industry	Not Applicable	micetech@jax.org	micetech	http://tumor.informatics.jax.org/mtbwi/pdxRequest.do?mice=TM01044	http://tumor.informatics.jax.org/mtbwi/pdxDetails.do?modelID=TM01044
TM01165	Academia and Industry	Not Applicable	micetech@jax.org	micetech	http://tumor.informatics.jax.org/mtbwi/pdxRequest.do?mice=TM01165	http://tumor.informatics.jax.org/mtbwi/pdxDetails.do?modelID=TM01165
TM00070	Academia and Industry	Not Applicable	micetech@jax.org	micetech	http://tumor.informatics.jax.org/mtbwi/pdxRequest.do?mice=TM00070	http://tumor.informatics.jax.org/mtbwi/pdxDetails.do?modelID=TM00070
TM01045	Academia and Industry	Not Applicable	micetech@jax.org	micetech	http://tumor.informatics.jax.org/mtbwi/pdxRequest.do?mice=TM01045	http://tumor.informatics.jax.org/mtbwi/pdxDetails.do?modelID=TM01045
TM00077	Academia and Industry	Not Applicable	micetech@jax.org	micetech	http://tumor.informatics.jax.org/mtbwi/pdxRequest.do?mice=TM00077	http://tumor.informatics.jax.org/mtbwi/pdxDetails.do?modelID=TM00077
TM00198	Academia and Industry	Not Applicable	micetech@jax.org	micetech	http://tumor.informatics.jax.org/mtbwi/pdxRequest.do?mice=TM00198	http://tumor.informatics.jax.org/mtbwi/pdxDetails.do?modelID=TM00198
TM00076	Academia and Industry	Not Applicable	micetech@jax.org	micetech	http://tumor.informatics.jax.org/mtbwi/pdxRequest.do?mice=TM00076	http://tumor.informatics.jax.org/mtbwi/pdxDetails.do?modelID=TM00076
TM01160	Academia and Industry	Not Applicable	micetech@jax.org	micetech	http://tumor.informatics.jax.org/mtbwi/pdxRequest.do?mice=TM01160	http://tumor.informatics.jax.org/mtbwi/pdxDetails.do?modelID=TM01160
TM00075	Academia and Industry	Not Applicable	micetech@jax.org	micetech	http://tumor.informatics.jax.org/mtbwi/pdxRequest.do?mice=TM00075	http://tumor.informatics.jax.org/mtbwi/pdxDetails.do?modelID=TM00075
TM00196	Academia and Industry	Not Applicable	micetech@jax.org	micetech	http://tumor.informatics.jax.org/mtbwi/pdxRequest.do?mice=TM00196	http://tumor.informatics.jax.org/mtbwi/pdxDetails.do?modelID=TM00196
J000093555	Academia and Industry	Not Applicable	micetech@jax.org	micetech	http://tumor.informatics.jax.org/mtbwi/pdxRequest.do?mice=J000093555	http://tumor.informatics.jax.org/mtbwi/pdxDetails.do?modelID=J000093555
J000096828	Academia and Industry	Not Applicable	micetech@jax.org	micetech	http://tumor.informatics.jax.org/mtbwi/pdxRequest.do?mice=J000096828	http://tumor.informatics.jax.org/mtbwi/pdxDetails.do?modelID=J000096828
J000096949	Academia and Industry	Not Applicable	micetech@jax.org	micetech	http://tumor.informatics.jax.org/mtbwi/pdxRequest.do?mice=J000096949	http://tumor.informatics.jax.org/mtbwi/pdxDetails.do?modelID=J000096949
TM01039	Academia and Industry	Not Applicable	micetech@jax.org	micetech	http://tumor.informatics.jax.org/mtbwi/pdxRequest.do?mice=TM01039	http://tumor.informatics.jax.org/mtbwi/pdxDetails.do?modelID=TM01039
TM00067	Academia and Industry	Not Applicable	micetech@jax.org	micetech	http://tumor.informatics.jax.org/mtbwi/pdxRequest.do?mice=TM00067	http://tumor.informatics.jax.org/mtbwi/pdxDetails.do?modelID=TM00067
TM00188	Academia and Industry	Not Applicable	micetech@jax.org	micetech	http://tumor.informatics.jax.org/mtbwi/pdxRequest.do?mice=TM00188	http://tumor.informatics.jax.org/mtbwi/pdxDetails.do?modelID=TM00188
TM01278	Academia and Industry	Not Applicable	micetech@jax.org	micetech	http://tumor.informatics.jax.org/mtbwi/pdxRequest.do?mice=TM01278	http://tumor.informatics.jax.org/mtbwi/pdxDetails.do?modelID=TM01278
J000096940	Academia and Industry	Not Applicable	micetech@jax.org	micetech	http://tumor.informatics.jax.org/mtbwi/pdxRequest.do?mice=J000096940	http://tumor.informatics.jax.org/mtbwi/pdxDetails.do?modelID=J000096940
TM00062	Academia and Industry	Not Applicable	micetech@jax.org	micetech	http://tumor.informatics.jax.org/mtbwi/pdxRequest.do?mice=TM00062	http://tumor.informatics.jax.org/mtbwi/pdxDetails.do?modelID=TM00062
TM00183	Academia and Industry	Not Applicable	micetech@jax.org	micetech	http://tumor.informatics.jax.org/mtbwi/pdxRequest.do?mice=TM00183	http://tumor.informatics.jax.org/mtbwi/pdxDetails.do?modelID=TM00183
TM01031	Academia and Industry	Not Applicable	micetech@jax.org	micetech	http://tumor.informatics.jax.org/mtbwi/pdxRequest.do?mice=TM01031	http://tumor.informatics.jax.org/mtbwi/pdxDetails.do?modelID=TM01031
TM01273	Academia and Industry	Not Applicable	micetech@jax.org	micetech	http://tumor.informatics.jax.org/mtbwi/pdxRequest.do?mice=TM01273	http://tumor.informatics.jax.org/mtbwi/pdxDetails.do?modelID=TM01273
TM00061	Academia and Industry	Not Applicable	micetech@jax.org	micetech	http://tumor.informatics.jax.org/mtbwi/pdxRequest.do?mice=TM00061	http://tumor.informatics.jax.org/mtbwi/pdxDetails.do?modelID=TM00061
TM00060	Academia and Industry	Not Applicable	micetech@jax.org	micetech	http://tumor.informatics.jax.org/mtbwi/pdxRequest.do?mice=TM00060	http://tumor.informatics.jax.org/mtbwi/pdxDetails.do?modelID=TM00060
TM01155	Academia and Industry	Not Applicable	micetech@jax.org	micetech	http://tumor.informatics.jax.org/mtbwi/pdxRequest.do?mice=TM01155	http://tumor.informatics.jax.org/mtbwi/pdxDetails.do?modelID=TM01155
TM00187	Academia and Industry	Not Applicable	micetech@jax.org	micetech	http://tumor.informatics.jax.org/mtbwi/pdxRequest.do?mice=TM00187	http://tumor.informatics.jax.org/mtbwi/pdxDetails.do?modelID=TM00187
TM00065	Academia and Industry	Not Applicable	micetech@jax.org	micetech	http://tumor.informatics.jax.org/mtbwi/pdxRequest.do?mice=TM00065	http://tumor.informatics.jax.org/mtbwi/pdxDetails.do?modelID=TM00065
TM00186	Academia and Industry	Not Applicable	micetech@jax.org	micetech	http://tumor.informatics.jax.org/mtbwi/pdxRequest.do?mice=TM00186	http://tumor.informatics.jax.org/mtbwi/pdxDetails.do?modelID=TM00186
TM00064	Academia and Industry	Not Applicable	micetech@jax.org	micetech	http://tumor.informatics.jax.org/mtbwi/pdxRequest.do?mice=TM00064	http://tumor.informatics.jax.org/mtbwi/pdxDetails.do?modelID=TM00064
TM00185	Academia and Industry	Not Applicable	micetech@jax.org	micetech	http://tumor.informatics.jax.org/mtbwi/pdxRequest.do?mice=TM00185	http://tumor.informatics.jax.org/mtbwi/pdxDetails.do?modelID=TM00185
TM00063	Academia and Industry	Not Applicable	micetech@jax.org	micetech	http://tumor.informatics.jax.org/mtbwi/pdxRequest.do?mice=TM00063	http://tumor.informatics.jax.org/mtbwi/pdxDetails.do?modelID=TM00063
TM00184	Academia and Industry	Not Applicable	micetech@jax.org	micetech	http://tumor.informatics.jax.org/mtbwi/pdxRequest.do?mice=TM00184	http://tumor.informatics.jax.org/mtbwi/pdxDetails.do?modelID=TM00184
TM01030	Academia and Industry	Not Applicable	micetech@jax.org	micetech	http://tumor.informatics.jax.org/mtbwi/pdxRequest.do?mice=TM01030	http://tumor.informatics.jax.org/mtbwi/pdxDetails.do?modelID=TM01030
TM00091	Academia and Industry	Not Applicable	micetech@jax.org	micetech	http://tumor.informatics.jax.org/mtbwi/pdxRequest.do?mice=TM00091	http://tumor.informatics.jax.org/mtbwi/pdxDetails.do?modelID=TM00091
TM00090	Academia and Industry	Not Applicable	micetech@jax.org	micetech	http://tumor.informatics.jax.org/mtbwi/pdxRequest.do?mice=TM00090	http://tumor.informatics.jax.org/mtbwi/pdxDetails.do?modelID=TM00090
J000106124	Academia and Industry	Not Applicable	micetech@jax.org	micetech	http://tumor.informatics.jax.org/mtbwi/pdxRequest.do?mice=J000106124	http://tumor.informatics.jax.org/mtbwi/pdxDetails.do?modelID=J000106124
J000096837	Academia and Industry	Not Applicable	micetech@jax.org	micetech	http://tumor.informatics.jax.org/mtbwi/pdxRequest.do?mice=J000096837	http://tumor.informatics.jax.org/mtbwi/pdxDetails.do?modelID=J000096837
J000096958	Academia and Industry	Not Applicable	micetech@jax.org	micetech	http://tumor.informatics.jax.org/mtbwi/pdxRequest.do?mice=J000096958	http://tumor.informatics.jax.org/mtbwi/pdxDetails.do?modelID=J000096958
J000106125	Academia and Industry	Not Applicable	micetech@jax.org	micetech	http://tumor.informatics.jax.org/mtbwi/pdxRequest.do?mice=J000106125	http://tumor.informatics.jax.org/mtbwi/pdxDetails.do?modelID=J000106125
J000107333	Academia and Industry	Not Applicable	micetech@jax.org	micetech	http://tumor.informatics.jax.org/mtbwi/pdxRequest.do?mice=J000107333	http://tumor.informatics.jax.org/mtbwi/pdxDetails.do?modelID=J000107333
J000106132	Academia and Industry	Not Applicable	micetech@jax.org	micetech	http://tumor.informatics.jax.org/mtbwi/pdxRequest.do?mice=J000106132	http://tumor.informatics.jax.org/mtbwi/pdxDetails.do?modelID=J000106132
TM00099	Academia and Industry	Not Applicable	micetech@jax.org	micetech	http://tumor.informatics.jax.org/mtbwi/pdxRequest.do?mice=TM00099	http://tumor.informatics.jax.org/mtbwi/pdxDetails.do?modelID=TM00099
TM00098	Academia and Industry	Not Applicable	micetech@jax.org	micetech	http://tumor.informatics.jax.org/mtbwi/pdxRequest.do?mice=TM00098	http://tumor.informatics.jax.org/mtbwi/pdxDetails.do?modelID=TM00098
TM00097	Academia and Industry	Not Applicable	micetech@jax.org	micetech	http://tumor.informatics.jax.org/mtbwi/pdxRequest.do?mice=TM00097	http://tumor.informatics.jax.org/mtbwi/pdxDetails.do?modelID=TM00097
TM00096	Academia and Industry	Not Applicable	micetech@jax.org	micetech	http://tumor.informatics.jax.org/mtbwi/pdxRequest.do?mice=TM00096	http://tumor.informatics.jax.org/mtbwi/pdxDetails.do?modelID=TM00096
TM01063	Academia and Industry	Not Applicable	micetech@jax.org	micetech	http://tumor.informatics.jax.org/mtbwi/pdxRequest.do?mice=TM01063	http://tumor.informatics.jax.org/mtbwi/pdxDetails.do?modelID=TM01063
TM00080	Academia and Industry	Not Applicable	micetech@jax.org	micetech	http://tumor.informatics.jax.org/mtbwi/pdxRequest.do?mice=TM00080	http://tumor.informatics.jax.org/mtbwi/pdxDetails.do?modelID=TM00080
J000095635	Academia and Industry	Not Applicable	micetech@jax.org	micetech	http://tumor.informatics.jax.org/mtbwi/pdxRequest.do?mice=J000095635	http://tumor.informatics.jax.org/mtbwi/pdxDetails.do?modelID=J000095635
J000095633	Academia and Industry	Not Applicable	micetech@jax.org	micetech	http://tumor.informatics.jax.org/mtbwi/pdxRequest.do?mice=J000095633	http://tumor.informatics.jax.org/mtbwi/pdxDetails.do?modelID=J000095633
J000096845	Academia and Industry	Not Applicable	micetech@jax.org	micetech	http://tumor.informatics.jax.org/mtbwi/pdxRequest.do?mice=J000096845	http://tumor.informatics.jax.org/mtbwi/pdxDetails.do?modelID=J000096845
J000096967	Academia and Industry	Not Applicable	micetech@jax.org	micetech	http://tumor.informatics.jax.org/mtbwi/pdxRequest.do?mice=J000096967	http://tumor.informatics.jax.org/mtbwi/pdxDetails.do?modelID=J000096967
J000106133	Academia and Industry	Not Applicable	micetech@jax.org	micetech	http://tumor.informatics.jax.org/mtbwi/pdxRequest.do?mice=J000106133	http://tumor.informatics.jax.org/mtbwi/pdxDetails.do?modelID=J000106133
J000106134	Academia and Industry	Not Applicable	micetech@jax.org	micetech	http://tumor.informatics.jax.org/mtbwi/pdxRequest.do?mice=J000106134	http://tumor.informatics.jax.org/mtbwi/pdxDetails.do?modelID=J000106134
J000108200	Academia and Industry	Not Applicable	micetech@jax.org	micetech	http://tumor.informatics.jax.org/mtbwi/pdxRequest.do?mice=J000108200	http://tumor.informatics.jax.org/mtbwi/pdxDetails.do?modelID=J000108200
J000106142	Academia and Industry	Not Applicable	micetech@jax.org	micetech	http://tumor.informatics.jax.org/mtbwi/pdxRequest.do?mice=J000106142	http://tumor.informatics.jax.org/mtbwi/pdxDetails.do?modelID=J000106142
J000106143	Academia and Industry	Not Applicable	micetech@jax.org	micetech	http://tumor.informatics.jax.org/mtbwi/pdxRequest.do?mice=J000106143	http://tumor.informatics.jax.org/mtbwi/pdxDetails.do?modelID=J000106143
TM00089	Academia and Industry	Not Applicable	micetech@jax.org	micetech	http://tumor.informatics.jax.org/mtbwi/pdxRequest.do?mice=TM00089	http://tumor.informatics.jax.org/mtbwi/pdxDetails.do?modelID=TM00089
J000106141	Academia and Industry	Not Applicable	micetech@jax.org	micetech	http://tumor.informatics.jax.org/mtbwi/pdxRequest.do?mice=J000106141	http://tumor.informatics.jax.org/mtbwi/pdxDetails.do?modelID=J000106141
TM00084	Academia and Industry	Not Applicable	micetech@jax.org	micetech	http://tumor.informatics.jax.org/mtbwi/pdxRequest.do?mice=TM00084	http://tumor.informatics.jax.org/mtbwi/pdxDetails.do?modelID=TM00084
TM01053	Academia and Industry	Not Applicable	micetech@jax.org	micetech	http://tumor.informatics.jax.org/mtbwi/pdxRequest.do?mice=TM01053	http://tumor.informatics.jax.org/mtbwi/pdxDetails.do?modelID=TM01053
J000093572	Academia and Industry	Not Applicable	micetech@jax.org	micetech	http://tumor.informatics.jax.org/mtbwi/pdxRequest.do?mice=J000093572	http://tumor.informatics.jax.org/mtbwi/pdxDetails.do?modelID=J000093572
TM01171	Academia and Industry	Not Applicable	micetech@jax.org	micetech	http://tumor.informatics.jax.org/mtbwi/pdxRequest.do?mice=TM01171	http://tumor.informatics.jax.org/mtbwi/pdxDetails.do?modelID=TM01171
TM01173	Academia and Industry	Not Applicable	micetech@jax.org	micetech	http://tumor.informatics.jax.org/mtbwi/pdxRequest.do?mice=TM01173	http://tumor.informatics.jax.org/mtbwi/pdxDetails.do?modelID=TM01173